MSBuild version 17.8.27+3ab07f0cf for .NET
  Determining projects to restore...
  All projects are up-to-date for restore.
  core.jarvis.data -> /mnt/c/code/github/jarvis/core.jarvis.api/bin/output/core.jarvis.data.dll
  core.jarvis -> /mnt/c/code/github/jarvis/core.jarvis.api/bin/output/core.jarvis.dll
/mnt/c/code/github/jarvis/core.jarvis.api/Middleware/InputValidationMiddleware.cs(120,42): warning CS1998: This async method lacks 'await' operators and will run synchronously. Consider using the 'await' operator to await non-blocking API calls, or 'await Task.Run(...)' to do CPU-bound work on a background thread. [/mnt/c/code/github/jarvis/core.jarvis.api/core.jarvis.api.csproj]
/mnt/c/code/github/jarvis/core.jarvis.api/Functions/Security/AuthFunction.cs(98,85): warning CS8604: Possible null reference argument for parameter 'value' in 'RefreshTokenRequest? JsonConvert.DeserializeObject<RefreshTokenRequest>(string value)'. [/mnt/c/code/github/jarvis/core.jarvis.api/core.jarvis.api.csproj]
/mnt/c/code/github/jarvis/core.jarvis.api/Functions/Security/RoleFunction.cs(89,57): warning CS8604: Possible null reference argument for parameter 'json' in 'Role? JsonSerializer.Deserialize<Role>(string json, JsonSerializerOptions? options = null)'. [/mnt/c/code/github/jarvis/core.jarvis.api/core.jarvis.api.csproj]
/mnt/c/code/github/jarvis/core.jarvis.api/Systems/RegistrationSystem.cs(127,24): warning CS1998: This async method lacks 'await' operators and will run synchronously. Consider using the 'await' operator to await non-blocking API calls, or 'await Task.Run(...)' to do CPU-bound work on a background thread. [/mnt/c/code/github/jarvis/core.jarvis.api/core.jarvis.api.csproj]
/mnt/c/code/github/jarvis/core.jarvis.api/Functions/Security/AuthFunction.cs(146,87): warning CS8604: Possible null reference argument for parameter 'value' in 'ValidateTokenRequest? JsonConvert.DeserializeObject<ValidateTokenRequest>(string value)'. [/mnt/c/code/github/jarvis/core.jarvis.api/core.jarvis.api.csproj]
/mnt/c/code/github/jarvis/core.jarvis.api/Functions/Security/RoleFunction.cs(141,63): warning CS8604: Possible null reference argument for parameter 'json' in 'Role? JsonSerializer.Deserialize<Role>(string json, JsonSerializerOptions? options = null)'. [/mnt/c/code/github/jarvis/core.jarvis.api/core.jarvis.api.csproj]
/mnt/c/code/github/jarvis/core.jarvis.api/Functions/Security/AccountFunction.cs(179,77): warning CS8604: Possible null reference argument for parameter 'json' in 'SecurityProfile? JsonSerializer.Deserialize<SecurityProfile>(string json, JsonSerializerOptions? options = null)'. [/mnt/c/code/github/jarvis/core.jarvis.api/core.jarvis.api.csproj]
/mnt/c/code/github/jarvis/core.jarvis.api/Functions/Security/NavigationFunction.cs(161,70): warning CS8604: Possible null reference argument for parameter 'json' in 'NavigationItem? JsonSerializer.Deserialize<NavigationItem>(string json, JsonSerializerOptions? options = null)'. [/mnt/c/code/github/jarvis/core.jarvis.api/core.jarvis.api.csproj]
  core.jarvis.api -> /mnt/c/code/github/jarvis/core.jarvis.api/bin/output/core.jarvis.api.dll
  Determining projects to restore...
  Restored /tmp/yoesqq3k.irb/WorkerExtensions.csproj (in 280 ms).
  WorkerExtensions -> /tmp/yoesqq3k.irb/buildout/Microsoft.Azure.Functions.Worker.Extensions.dll

Build succeeded.

/mnt/c/code/github/jarvis/core.jarvis.api/Middleware/InputValidationMiddleware.cs(120,42): warning CS1998: This async method lacks 'await' operators and will run synchronously. Consider using the 'await' operator to await non-blocking API calls, or 'await Task.Run(...)' to do CPU-bound work on a background thread. [/mnt/c/code/github/jarvis/core.jarvis.api/core.jarvis.api.csproj]
/mnt/c/code/github/jarvis/core.jarvis.api/Functions/Security/AuthFunction.cs(98,85): warning CS8604: Possible null reference argument for parameter 'value' in 'RefreshTokenRequest? JsonConvert.DeserializeObject<RefreshTokenRequest>(string value)'. [/mnt/c/code/github/jarvis/core.jarvis.api/core.jarvis.api.csproj]
/mnt/c/code/github/jarvis/core.jarvis.api/Functions/Security/RoleFunction.cs(89,57): warning CS8604: Possible null reference argument for parameter 'json' in 'Role? JsonSerializer.Deserialize<Role>(string json, JsonSerializerOptions? options = null)'. [/mnt/c/code/github/jarvis/core.jarvis.api/core.jarvis.api.csproj]
/mnt/c/code/github/jarvis/core.jarvis.api/Systems/RegistrationSystem.cs(127,24): warning CS1998: This async method lacks 'await' operators and will run synchronously. Consider using the 'await' operator to await non-blocking API calls, or 'await Task.Run(...)' to do CPU-bound work on a background thread. [/mnt/c/code/github/jarvis/core.jarvis.api/core.jarvis.api.csproj]
/mnt/c/code/github/jarvis/core.jarvis.api/Functions/Security/AuthFunction.cs(146,87): warning CS8604: Possible null reference argument for parameter 'value' in 'ValidateTokenRequest? JsonConvert.DeserializeObject<ValidateTokenRequest>(string value)'. [/mnt/c/code/github/jarvis/core.jarvis.api/core.jarvis.api.csproj]
/mnt/c/code/github/jarvis/core.jarvis.api/Functions/Security/RoleFunction.cs(141,63): warning CS8604: Possible null reference argument for parameter 'json' in 'Role? JsonSerializer.Deserialize<Role>(string json, JsonSerializerOptions? options = null)'. [/mnt/c/code/github/jarvis/core.jarvis.api/core.jarvis.api.csproj]
/mnt/c/code/github/jarvis/core.jarvis.api/Functions/Security/AccountFunction.cs(179,77): warning CS8604: Possible null reference argument for parameter 'json' in 'SecurityProfile? JsonSerializer.Deserialize<SecurityProfile>(string json, JsonSerializerOptions? options = null)'. [/mnt/c/code/github/jarvis/core.jarvis.api/core.jarvis.api.csproj]
/mnt/c/code/github/jarvis/core.jarvis.api/Functions/Security/NavigationFunction.cs(161,70): warning CS8604: Possible null reference argument for parameter 'json' in 'NavigationItem? JsonSerializer.Deserialize<NavigationItem>(string json, JsonSerializerOptions? options = null)'. [/mnt/c/code/github/jarvis/core.jarvis.api/core.jarvis.api.csproj]
    8 Warning(s)
    0 Error(s)

Time Elapsed 00:00:07.89



Azure Functions Core Tools
Core Tools Version:       4.0.7317 Commit hash: N/A +5ca56d37938824531b691f094d0a77fd6f51af20 (64-bit)
Function Runtime Version: 4.1038.300.25164

[2025-07-02T11:31:56.491Z] Found /mnt/c/code/github/jarvis/core.jarvis.api/core.jarvis.api.csproj. Using for user secrets file configuration.
[2025-07-02T11:31:56.889Z] Building host: version spec: , startup suppressed: 'False', configuration suppressed: 'False', startup operation id: 'e2908a5e-2910-4dc7-8cca-15a1b1f970b0'
[2025-07-02T11:31:57.013Z] Reading host configuration file '/mnt/c/code/github/jarvis/core.jarvis.api/bin/output/host.json'
[2025-07-02T11:31:57.014Z] Host configuration file read:
[2025-07-02T11:31:57.014Z] {
[2025-07-02T11:31:57.014Z]   "version": "2.0",
[2025-07-02T11:31:57.015Z]   "logging": {
[2025-07-02T11:31:57.015Z]     "applicationInsights": {
[2025-07-02T11:31:57.016Z]       "samplingSettings": {
[2025-07-02T11:31:57.017Z]         "isEnabled": true,
[2025-07-02T11:31:57.017Z]         "excludedTypes": "Request"
[2025-07-02T11:31:57.017Z]       },
[2025-07-02T11:31:57.018Z]       "enableLiveMetricsFilters": true
[2025-07-02T11:31:57.018Z]     },
[2025-07-02T11:31:57.018Z]     "logLevel": {
[2025-07-02T11:31:57.018Z]       "default": "Information",
[2025-07-02T11:31:57.019Z]       "Host.Results": "Error",
[2025-07-02T11:31:57.019Z]       "Function": "Information",
[2025-07-02T11:31:57.019Z]       "Host.Aggregator": "Trace"
[2025-07-02T11:31:57.019Z]     }
[2025-07-02T11:31:57.020Z]   },
[2025-07-02T11:31:57.022Z]   "extensions": {
[2025-07-02T11:31:57.022Z]     "http": {
[2025-07-02T11:31:57.023Z]       "routePrefix": "api",
[2025-07-02T11:31:57.023Z]       "maxConcurrentRequests": 100,
[2025-07-02T11:31:57.023Z]       "maxOutstandingRequests": 200,
[2025-07-02T11:31:57.024Z]       "dynamicThrottlesEnabled": true
[2025-07-02T11:31:57.024Z]     }
[2025-07-02T11:31:57.025Z]   },
[2025-07-02T11:31:57.025Z]   "functionTimeout": "00:05:00"
[2025-07-02T11:31:57.025Z] }
[2025-07-02T11:31:57.039Z] FUNCTIONS_WORKER_RUNTIME set to dotnet-isolated. Skipping WorkerConfig for language: node
[2025-07-02T11:31:57.049Z] FUNCTIONS_WORKER_RUNTIME set to dotnet-isolated. Skipping WorkerConfig for language: java
[2025-07-02T11:31:57.051Z] FUNCTIONS_WORKER_RUNTIME set to dotnet-isolated. Skipping WorkerConfig for language: powershell
[2025-07-02T11:31:57.052Z] FUNCTIONS_WORKER_RUNTIME set to dotnet-isolated. Skipping WorkerConfig for language: python
[2025-07-02T11:31:57.059Z] Extension Bundle not loaded. Loading extensions from /mnt/c/code/github/jarvis/core.jarvis.api/bin/output. BundleConfigured: False, PrecompiledFunctionApp: False, LegacyBundle: False, DotnetIsolatedApp: True, isLogicApp: False
[2025-07-02T11:31:57.060Z] Script Startup resetting load context with base path: '/mnt/c/code/github/jarvis/core.jarvis.api/bin/output/.azurefunctions'.
[2025-07-02T11:31:57.064Z] Loading startup extension 'Startup'
[2025-07-02T11:31:57.095Z] Loaded extension 'Startup' (1.0.0.0)
[2025-07-02T11:31:57.113Z] Reading host configuration file '/mnt/c/code/github/jarvis/core.jarvis.api/bin/output/host.json'
[2025-07-02T11:31:57.113Z] Host configuration file read:
[2025-07-02T11:31:57.113Z] {
[2025-07-02T11:31:57.114Z]   "version": "2.0",
[2025-07-02T11:31:57.114Z]   "logging": {
[2025-07-02T11:31:57.114Z]     "applicationInsights": {
[2025-07-02T11:31:57.114Z]       "samplingSettings": {
[2025-07-02T11:31:57.114Z]         "isEnabled": true,
[2025-07-02T11:31:57.114Z]         "excludedTypes": "Request"
[2025-07-02T11:31:57.115Z]       },
[2025-07-02T11:31:57.115Z]       "enableLiveMetricsFilters": true
[2025-07-02T11:31:57.115Z]     },
[2025-07-02T11:31:57.115Z]     "logLevel": {
[2025-07-02T11:31:57.116Z]       "default": "Information",
[2025-07-02T11:31:57.117Z]       "Host.Results": "Error",
[2025-07-02T11:31:57.118Z]       "Function": "Information",
[2025-07-02T11:31:57.118Z]       "Host.Aggregator": "Trace"
[2025-07-02T11:31:57.119Z]     }
[2025-07-02T11:31:57.119Z]   },
[2025-07-02T11:31:57.120Z]   "extensions": {
[2025-07-02T11:31:57.120Z]     "http": {
[2025-07-02T11:31:57.120Z]       "routePrefix": "api",
[2025-07-02T11:31:57.121Z]       "maxConcurrentRequests": 100,
[2025-07-02T11:31:57.121Z]       "maxOutstandingRequests": 200,
[2025-07-02T11:31:57.121Z]       "dynamicThrottlesEnabled": true
[2025-07-02T11:31:57.122Z]     }
[2025-07-02T11:31:57.122Z]   },
[2025-07-02T11:31:57.122Z]   "functionTimeout": "00:05:00"
[2025-07-02T11:31:57.122Z] }
[2025-07-02T11:31:57.157Z] Starting host metrics provider.
[2025-07-02T11:31:57.194Z] FUNCTIONS_WORKER_RUNTIME set to dotnet-isolated. Skipping WorkerConfig for language: node
[2025-07-02T11:31:57.195Z] FUNCTIONS_WORKER_RUNTIME set to dotnet-isolated. Skipping WorkerConfig for language: java
[2025-07-02T11:31:57.196Z] FUNCTIONS_WORKER_RUNTIME set to dotnet-isolated. Skipping WorkerConfig for language: powershell
[2025-07-02T11:31:57.196Z] FUNCTIONS_WORKER_RUNTIME set to dotnet-isolated. Skipping WorkerConfig for language: python
[2025-07-02T11:31:57.201Z] FUNCTIONS_WORKER_RUNTIME set to dotnet-isolated. Skipping WorkerConfig for language: node
[2025-07-02T11:31:57.202Z] FUNCTIONS_WORKER_RUNTIME set to dotnet-isolated. Skipping WorkerConfig for language: java
[2025-07-02T11:31:57.203Z] FUNCTIONS_WORKER_RUNTIME set to dotnet-isolated. Skipping WorkerConfig for language: powershell
[2025-07-02T11:31:57.204Z] FUNCTIONS_WORKER_RUNTIME set to dotnet-isolated. Skipping WorkerConfig for language: python
[2025-07-02T11:31:57.232Z] Initializing Warmup Extension.
[2025-07-02T11:31:57.258Z] Initializing Host. OperationId: 'e2908a5e-2910-4dc7-8cca-15a1b1f970b0'.
[2025-07-02T11:31:57.261Z] Host initialization: ConsecutiveErrors=0, StartupCount=1, OperationId=e2908a5e-2910-4dc7-8cca-15a1b1f970b0
[2025-07-02T11:31:57.282Z] Loading functions metadata
[2025-07-02T11:31:57.283Z] Worker indexing is enabled
[2025-07-02T11:31:57.285Z] Fetching metadata for workerRuntime: dotnet-isolated
[2025-07-02T11:31:57.285Z] Reading functions metadata (Worker)
[2025-07-02T11:31:57.909Z] {
[2025-07-02T11:31:57.910Z]   "ProcessId": 96228,
[2025-07-02T11:31:57.911Z]   "RuntimeIdentifier": "ubuntu.24.04-x64",
[2025-07-02T11:31:57.912Z]   "WorkerVersion": "1.17.0.0",
[2025-07-02T11:31:57.912Z]   "ProductVersion": "1.17.0\u002B8a4944ddc2956da7182833ce4917d8fb1d72d316",
[2025-07-02T11:31:57.912Z]   "FrameworkDescription": ".NET 8.0.17",
[2025-07-02T11:31:57.912Z]   "OSDescription": "Ubuntu 24.04.2 LTS",
[2025-07-02T11:31:57.913Z]   "OSArchitecture": "X64",
[2025-07-02T11:31:57.913Z]   "CommandLine": "/mnt/c/code/github/jarvis/core.jarvis.api/bin/output/core.jarvis.api.dll --host 127.0.0.1 --port 37795 --workerId 7ae291ea-8870-4905-ad98-a39c15255bff --requestId 8584308d-5853-4b57-99ea-5cd878e5cf50 --grpcMaxMessageLength 2147483647 --functions-uri http://127.0.0.1:37795/ --functions-worker-id 7ae291ea-8870-4905-ad98-a39c15255bff --functions-request-id 8584308d-5853-4b57-99ea-5cd878e5cf50 --functions-grpc-max-message-length 2147483647"
[2025-07-02T11:31:57.914Z] }
[2025-07-02T11:31:58.003Z] 23 functions found (Worker)
[2025-07-02T11:31:58.010Z] Reading functions metadata (Custom)
[2025-07-02T11:31:58.014Z] 0 functions found (Custom)
[2025-07-02T11:31:58.017Z] 23 functions loaded
[2025-07-02T11:31:58.020Z] [21:31:57 INF] Microsoft.Hosting.Lifetime Application started. Press Ctrl+C to shut down. {"ThreadId": 16, "MachineName": "MAIN-HOME-PC", "EnvironmentName": "Test"}
[2025-07-02T11:31:58.020Z] [21:31:57 INF] Microsoft.Hosting.Lifetime Hosting environment: Development {"ThreadId": 16, "MachineName": "MAIN-HOME-PC", "EnvironmentName": "Test"}
[2025-07-02T11:31:58.020Z] [21:31:57 INF] Microsoft.Hosting.Lifetime Content root path: /mnt/c/code/github/jarvis/core.jarvis.api/bin/output/ {"ThreadId": 16, "MachineName": "MAIN-HOME-PC", "EnvironmentName": "Test"}
[2025-07-02T11:31:58.022Z] LoggerFilterOptions
[2025-07-02T11:31:58.024Z] {
[2025-07-02T11:31:58.024Z]   "MinLevel": "None",
[2025-07-02T11:31:58.024Z]   "Rules": [
[2025-07-02T11:31:58.024Z]     {
[2025-07-02T11:31:58.024Z]       "ProviderName": null,
[2025-07-02T11:31:58.024Z]       "CategoryName": "Microsoft.Hosting.Lifetime",
[2025-07-02T11:31:58.025Z]       "LogLevel": "None",
[2025-07-02T11:31:58.025Z]       "Filter": null
[2025-07-02T11:31:58.025Z]     },
[2025-07-02T11:31:58.025Z]     {
[2025-07-02T11:31:58.025Z]       "ProviderName": "Azure.Functions.Cli.Diagnostics.ColoredConsoleLoggerProvider",
[2025-07-02T11:31:58.026Z]       "CategoryName": null,
[2025-07-02T11:31:58.026Z]       "LogLevel": "None",
[2025-07-02T11:31:58.026Z]       "Filter": null
[2025-07-02T11:31:58.026Z]     },
[2025-07-02T11:31:58.026Z]     {
[2025-07-02T11:31:58.027Z]       "ProviderName": "Azure.Functions.Cli.Diagnostics.ColoredConsoleLoggerProvider",
[2025-07-02T11:31:58.027Z]       "CategoryName": null,
[2025-07-02T11:31:58.027Z]       "LogLevel": null,
[2025-07-02T11:31:58.027Z]       "Filter": "<AddFilter>b__0"
[2025-07-02T11:31:58.027Z]     },
[2025-07-02T11:31:58.027Z]     {
[2025-07-02T11:31:58.028Z]       "ProviderName": null,
[2025-07-02T11:31:58.028Z]       "CategoryName": null,
[2025-07-02T11:31:58.028Z]       "LogLevel": null,
[2025-07-02T11:31:58.028Z]       "Filter": "<AddFilter>b__0"
[2025-07-02T11:31:58.028Z]     },
[2025-07-02T11:31:58.028Z]     {
[2025-07-02T11:31:58.029Z]       "ProviderName": null,
[2025-07-02T11:31:58.029Z]       "CategoryName": null,
[2025-07-02T11:31:58.029Z]       "LogLevel": null,
[2025-07-02T11:31:58.030Z]       "Filter": "<AddFilter>b__0"
[2025-07-02T11:31:58.030Z]     },
[2025-07-02T11:31:58.031Z]     {
[2025-07-02T11:31:58.031Z]       "ProviderName": null,
[2025-07-02T11:31:58.031Z]       "CategoryName": "Host.Results",
[2025-07-02T11:31:58.032Z]       "LogLevel": "Error",
[2025-07-02T11:31:58.032Z]       "Filter": null
[2025-07-02T11:31:58.032Z]     },
[2025-07-02T11:31:58.033Z]     {
[2025-07-02T11:31:58.033Z]       "ProviderName": null,
[2025-07-02T11:31:58.033Z]       "CategoryName": "Host.Aggregator",
[2025-07-02T11:31:58.033Z]       "LogLevel": "Trace",
[2025-07-02T11:31:58.034Z]       "Filter": null
[2025-07-02T11:31:58.034Z]     },
[2025-07-02T11:31:58.034Z]     {
[2025-07-02T11:31:58.035Z]       "ProviderName": null,
[2025-07-02T11:31:58.035Z]       "CategoryName": "Function",
[2025-07-02T11:31:58.035Z]       "LogLevel": "Information",
[2025-07-02T11:31:58.036Z]       "Filter": null
[2025-07-02T11:31:58.036Z]     },
[2025-07-02T11:31:58.037Z]     {
[2025-07-02T11:31:58.037Z]       "ProviderName": null,
[2025-07-02T11:31:58.037Z]       "CategoryName": null,
[2025-07-02T11:31:58.037Z]       "LogLevel": "Information",
[2025-07-02T11:31:58.038Z]       "Filter": null
[2025-07-02T11:31:58.038Z]     },
[2025-07-02T11:31:58.038Z]     {
[2025-07-02T11:31:58.039Z]       "ProviderName": "Microsoft.Azure.WebJobs.Script.WebHost.Diagnostics.SystemLoggerProvider",
[2025-07-02T11:31:58.039Z]       "CategoryName": null,
[2025-07-02T11:31:58.039Z]       "LogLevel": "None",
[2025-07-02T11:31:58.039Z]       "Filter": null
[2025-07-02T11:31:58.040Z]     },
[2025-07-02T11:31:58.040Z]     {
[2025-07-02T11:31:58.040Z]       "ProviderName": "Microsoft.Azure.WebJobs.Script.WebHost.Diagnostics.SystemLoggerProvider",
[2025-07-02T11:31:58.040Z]       "CategoryName": null,
[2025-07-02T11:31:58.040Z]       "LogLevel": null,
[2025-07-02T11:31:58.040Z]       "Filter": "<AddFilter>b__0"
[2025-07-02T11:31:58.041Z]     },
[2025-07-02T11:31:58.041Z]     {
[2025-07-02T11:31:58.041Z]       "ProviderName": "Azure.Functions.Cli.Diagnostics.ColoredConsoleLoggerProvider",
[2025-07-02T11:31:58.041Z]       "CategoryName": null,
[2025-07-02T11:31:58.041Z]       "LogLevel": null,
[2025-07-02T11:31:58.042Z]       "Filter": "<AddFilter>b__0"
[2025-07-02T11:31:58.042Z]     }
[2025-07-02T11:31:58.042Z]   ]
[2025-07-02T11:31:58.042Z] }
[2025-07-02T11:31:58.043Z] LoggerFilterOptions
[2025-07-02T11:31:58.043Z] {
[2025-07-02T11:31:58.043Z]   "MinLevel": "None",
[2025-07-02T11:31:58.044Z]   "Rules": [
[2025-07-02T11:31:58.044Z]     {
[2025-07-02T11:31:58.044Z]       "ProviderName": null,
[2025-07-02T11:31:58.044Z]       "CategoryName": "Microsoft.Hosting.Lifetime",
[2025-07-02T11:31:58.044Z]       "LogLevel": "None",
[2025-07-02T11:31:58.045Z]       "Filter": null
[2025-07-02T11:31:58.045Z]     },
[2025-07-02T11:31:58.045Z]     {
[2025-07-02T11:31:58.046Z]       "ProviderName": "Azure.Functions.Cli.Diagnostics.ColoredConsoleLoggerProvider",
[2025-07-02T11:31:58.046Z]       "CategoryName": null,
[2025-07-02T11:31:58.047Z]       "LogLevel": "None",
[2025-07-02T11:31:58.047Z]       "Filter": null
[2025-07-02T11:31:58.047Z]     },
[2025-07-02T11:31:58.047Z]     {
[2025-07-02T11:31:58.047Z]       "ProviderName": "Azure.Functions.Cli.Diagnostics.ColoredConsoleLoggerProvider",
[2025-07-02T11:31:58.048Z]       "CategoryName": null,
[2025-07-02T11:31:58.048Z]       "LogLevel": null,
[2025-07-02T11:31:58.048Z]       "Filter": "<AddFilter>b__0"
[2025-07-02T11:31:58.049Z]     },
[2025-07-02T11:31:58.049Z]     {
[2025-07-02T11:31:58.049Z]       "ProviderName": null,
[2025-07-02T11:31:58.049Z]       "CategoryName": null,
[2025-07-02T11:31:58.050Z]       "LogLevel": null,
[2025-07-02T11:31:58.050Z]       "Filter": "<AddFilter>b__0"
[2025-07-02T11:31:58.050Z]     },
[2025-07-02T11:31:58.050Z]     {
[2025-07-02T11:31:58.051Z]       "ProviderName": null,
[2025-07-02T11:31:58.051Z]       "CategoryName": null,
[2025-07-02T11:31:58.051Z]       "LogLevel": null,
[2025-07-02T11:31:58.051Z]       "Filter": "<AddFilter>b__0"
[2025-07-02T11:31:58.051Z]     },
[2025-07-02T11:31:58.052Z]     {
[2025-07-02T11:31:58.052Z]       "ProviderName": null,
[2025-07-02T11:31:58.052Z]       "CategoryName": "Host.Results",
[2025-07-02T11:31:58.052Z]       "LogLevel": "Error",
[2025-07-02T11:31:58.053Z]       "Filter": null
[2025-07-02T11:31:58.053Z]     },
[2025-07-02T11:31:58.053Z]     {
[2025-07-02T11:31:58.053Z]       "ProviderName": null,
[2025-07-02T11:31:58.053Z]       "CategoryName": "Host.Aggregator",
[2025-07-02T11:31:58.054Z]       "LogLevel": "Trace",
[2025-07-02T11:31:58.054Z]       "Filter": null
[2025-07-02T11:31:58.054Z]     },
[2025-07-02T11:31:58.054Z]     {
[2025-07-02T11:31:58.055Z]       "ProviderName": null,
[2025-07-02T11:31:58.055Z]       "CategoryName": "Function",
[2025-07-02T11:31:58.055Z]       "LogLevel": "Information",
[2025-07-02T11:31:58.055Z]       "Filter": null
[2025-07-02T11:31:58.055Z]     },
[2025-07-02T11:31:58.056Z]     {
[2025-07-02T11:31:58.056Z]       "ProviderName": null,
[2025-07-02T11:31:58.056Z]       "CategoryName": null,
[2025-07-02T11:31:58.057Z]       "LogLevel": "Information",
[2025-07-02T11:31:58.057Z]       "Filter": null
[2025-07-02T11:31:58.057Z]     },
[2025-07-02T11:31:58.057Z]     {
[2025-07-02T11:31:58.057Z]       "ProviderName": "Microsoft.Azure.WebJobs.Script.WebHost.Diagnostics.SystemLoggerProvider",
[2025-07-02T11:31:58.058Z]       "CategoryName": null,
[2025-07-02T11:31:58.058Z]       "LogLevel": "None",
[2025-07-02T11:31:58.058Z]       "Filter": null
[2025-07-02T11:31:58.058Z]     },
[2025-07-02T11:31:58.058Z]     {
[2025-07-02T11:31:58.059Z]       "ProviderName": "Microsoft.Azure.WebJobs.Script.WebHost.Diagnostics.SystemLoggerProvider",
[2025-07-02T11:31:58.059Z]       "CategoryName": null,
[2025-07-02T11:31:58.059Z]       "LogLevel": null,
[2025-07-02T11:31:58.059Z]       "Filter": "<AddFilter>b__0"
[2025-07-02T11:31:58.059Z]     },
[2025-07-02T11:31:58.060Z]     {
[2025-07-02T11:31:58.060Z]       "ProviderName": "Azure.Functions.Cli.Diagnostics.ColoredConsoleLoggerProvider",
[2025-07-02T11:31:58.060Z]       "CategoryName": null,
[2025-07-02T11:31:58.060Z]       "LogLevel": null,
[2025-07-02T11:31:58.061Z]       "Filter": "<AddFilter>b__0"
[2025-07-02T11:31:58.061Z]     }
[2025-07-02T11:31:58.061Z]   ]
[2025-07-02T11:31:58.061Z] }
[2025-07-02T11:31:58.062Z] LanguageWorkerOptions
[2025-07-02T11:31:58.062Z] {
[2025-07-02T11:31:58.062Z]   "WorkerConfigs": [
[2025-07-02T11:31:58.063Z]     {
[2025-07-02T11:31:58.063Z]       "Description": {
[2025-07-02T11:31:58.063Z]         "Language": "dotnet-isolated",
[2025-07-02T11:31:58.063Z]         "DefaultRuntimeName": null,
[2025-07-02T11:31:58.064Z]         "DefaultRuntimeVersion": null,
[2025-07-02T11:31:58.064Z]         "SupportedArchitectures": null,
[2025-07-02T11:31:58.064Z]         "SupportedOperatingSystems": null,
[2025-07-02T11:31:58.064Z]         "SupportedRuntimeVersions": null,
[2025-07-02T11:31:58.065Z]         "SanitizeRuntimeVersionRegex": null,
[2025-07-02T11:31:58.065Z]         "WorkerIndexing": "true",
[2025-07-02T11:31:58.065Z]         "Extensions": [
[2025-07-02T11:31:58.066Z]           ".dll"
[2025-07-02T11:31:58.066Z]         ],
[2025-07-02T11:31:58.067Z]         "UseStdErrorStreamForErrorsOnly": false,
[2025-07-02T11:31:58.067Z]         "DefaultExecutablePath": "dotnet",
[2025-07-02T11:31:58.068Z]         "DefaultWorkerPath": "/mnt/c/code/github/jarvis/core.jarvis.api/bin/output/core.jarvis.api.dll",
[2025-07-02T11:31:58.068Z]         "WorkerDirectory": "/mnt/c/code/github/jarvis/core.jarvis.api/bin/output",
[2025-07-02T11:31:58.069Z]         "Arguments": [],
[2025-07-02T11:31:58.069Z]         "WorkerArguments": null,
[2025-07-02T11:31:58.069Z]         "IsDisabled": null
[2025-07-02T11:31:58.070Z]       },
[2025-07-02T11:31:58.070Z]       "Arguments": {
[2025-07-02T11:31:58.070Z]         "ExecutablePath": "dotnet",
[2025-07-02T11:31:58.070Z]         "ExecutableArguments": [],
[2025-07-02T11:31:58.071Z]         "WorkerPath": "/mnt/c/code/github/jarvis/core.jarvis.api/bin/output/core.jarvis.api.dll",
[2025-07-02T11:31:58.071Z]         "WorkerArguments": []
[2025-07-02T11:31:58.071Z]       },
[2025-07-02T11:31:58.071Z]       "CountOptions": {
[2025-07-02T11:31:58.071Z]         "SetProcessCountToNumberOfCpuCores": false,
[2025-07-02T11:31:58.072Z]         "ProcessCount": 1,
[2025-07-02T11:31:58.072Z]         "MaxProcessCount": 10,
[2025-07-02T11:31:58.072Z]         "ProcessStartupInterval": "00:00:10",
[2025-07-02T11:31:58.072Z]         "ProcessStartupTimeout": "00:01:00",
[2025-07-02T11:31:58.072Z]         "InitializationTimeout": "00:00:10",
[2025-07-02T11:31:58.073Z]         "EnvironmentReloadTimeout": "00:00:30",
[2025-07-02T11:31:58.073Z]         "ProcessRestartInterval": "00:00:10",
[2025-07-02T11:31:58.073Z]         "ProcessShutdownTimeout": "00:00:10"
[2025-07-02T11:31:58.073Z]       }
[2025-07-02T11:31:58.074Z]     }
[2025-07-02T11:31:58.074Z]   ]
[2025-07-02T11:31:58.074Z] }
[2025-07-02T11:31:58.074Z] FunctionResultAggregatorOptions
[2025-07-02T11:31:58.075Z] {
[2025-07-02T11:31:58.075Z]   "BatchSize": 1000,
[2025-07-02T11:31:58.075Z]   "FlushTimeout": "00:00:30",
[2025-07-02T11:31:58.076Z]   "IsEnabled": true
[2025-07-02T11:31:58.076Z] }
[2025-07-02T11:31:58.077Z] ConcurrencyOptions
[2025-07-02T11:31:58.077Z] {
[2025-07-02T11:31:58.077Z]   "DynamicConcurrencyEnabled": false,
[2025-07-02T11:31:58.078Z]   "MaximumFunctionConcurrency": 500,
[2025-07-02T11:31:58.078Z]   "CPUThreshold": 0.8,
[2025-07-02T11:31:58.079Z]   "SnapshotPersistenceEnabled": true
[2025-07-02T11:31:58.079Z] }
[2025-07-02T11:31:58.079Z] SingletonOptions
[2025-07-02T11:31:58.080Z] {
[2025-07-02T11:31:58.080Z]   "LockPeriod": "00:00:15",
[2025-07-02T11:31:58.081Z]   "ListenerLockPeriod": "00:00:15",
[2025-07-02T11:31:58.081Z]   "LockAcquisitionTimeout": "10675199.02:48:05.4775807",
[2025-07-02T11:31:58.081Z]   "LockAcquisitionPollingInterval": "00:00:05",
[2025-07-02T11:31:58.082Z]   "ListenerLockRecoveryPollingInterval": "00:01:00"
[2025-07-02T11:31:58.082Z] }
[2025-07-02T11:31:58.082Z] ScaleOptions
[2025-07-02T11:31:58.083Z] {
[2025-07-02T11:31:58.083Z]   "ScaleMetricsMaxAge": "00:02:00",
[2025-07-02T11:31:58.083Z]   "ScaleMetricsSampleInterval": "00:00:10",
[2025-07-02T11:31:58.083Z]   "MetricsPurgeEnabled": true,
[2025-07-02T11:31:58.084Z]   "IsTargetScalingEnabled": true,
[2025-07-02T11:31:58.084Z]   "IsRuntimeScalingEnabled": false
[2025-07-02T11:31:58.084Z] }
[2025-07-02T11:31:58.085Z] Starting JobHost
[2025-07-02T11:31:58.088Z] Starting Host (HostId=mainhomepc-1009904872, InstanceId=a49cbb63-3e5d-42ab-9685-802e48e3de5e, Version=4.1038.300.25164, ProcessId=95720, AppDomainId=1, InDebugMode=False, InDiagnosticMode=False, FunctionsExtensionVersion=(null))
[2025-07-02T11:31:58.113Z] Generating 19 job function(s)
[2025-07-02T11:31:58.113Z] Worker process started and initialized.
[2025-07-02T11:31:58.153Z] Found the following functions:
[2025-07-02T11:31:58.153Z] Host.Functions.auth
[2025-07-02T11:31:58.153Z] Host.Functions.CreateNavigationItem
[2025-07-02T11:31:58.154Z] Host.Functions.CreateRole
[2025-07-02T11:31:58.154Z] Host.Functions.deauth
[2025-07-02T11:31:58.155Z] Host.Functions.EnsureDefaultNavigation
[2025-07-02T11:31:58.155Z] Host.Functions.EnsureDefaultRoles
[2025-07-02T11:31:58.156Z] Host.Functions.GetCurrentUser
[2025-07-02T11:31:58.156Z] Host.Functions.GetNavigationItems
[2025-07-02T11:31:58.157Z] Host.Functions.GetRoles
[2025-07-02T11:31:58.157Z] Host.Functions.GetUserNavigation
[2025-07-02T11:31:58.157Z] Host.Functions.refresh
[2025-07-02T11:31:58.157Z] Host.Functions.RegisterUser
[2025-07-02T11:31:58.158Z] Host.Functions.RenderOAuth2Redirect
[2025-07-02T11:31:58.158Z] Host.Functions.RenderOpenApiDocument
[2025-07-02T11:31:58.158Z] Host.Functions.RenderSwaggerDocument
[2025-07-02T11:31:58.158Z] Host.Functions.RenderSwaggerUI
[2025-07-02T11:31:58.159Z] Host.Functions.UpdateRole
[2025-07-02T11:31:58.159Z] Host.Functions.UpdateUserProfile
[2025-07-02T11:31:58.159Z] Host.Functions.validate
[2025-07-02T11:31:58.160Z] 
[2025-07-02T11:31:58.164Z] HttpOptions
[2025-07-02T11:31:58.178Z] {
[2025-07-02T11:31:58.178Z]   "DynamicThrottlesEnabled": true,
[2025-07-02T11:31:58.178Z] Initializing function HTTP routes
[2025-07-02T11:31:58.178Z]   "EnableChunkedRequestBinding": false,
[2025-07-02T11:31:58.179Z] Mapped function route 'api/security/auth' [post] to 'auth'
[2025-07-02T11:31:58.179Z] Mapped function route 'api/security/navigation' [post] to 'CreateNavigationItem'
[2025-07-02T11:31:58.180Z] Mapped function route 'api/security/roles' [post] to 'CreateRole'
[2025-07-02T11:31:58.180Z] Mapped function route 'api/security/deauth' [post] to 'deauth'
[2025-07-02T11:31:58.180Z] Mapped function route 'api/security/navigation/ensure-defaults' [post] to 'EnsureDefaultNavigation'
[2025-07-02T11:31:58.180Z] Mapped function route 'api/security/roles/ensure-defaults' [post] to 'EnsureDefaultRoles'
[2025-07-02T11:31:58.181Z] Mapped function route 'api/accounts/me' [get] to 'GetCurrentUser'
[2025-07-02T11:31:58.179Z]   "MaxConcurrentRequests": 100,
[2025-07-02T11:31:58.181Z] Mapped function route 'api/security/navigation' [get] to 'GetNavigationItems'
[2025-07-02T11:31:58.181Z]   "MaxOutstandingRequests": 200,
[2025-07-02T11:31:58.182Z] Mapped function route 'api/security/roles' [get] to 'GetRoles'
[2025-07-02T11:31:58.182Z]   "RoutePrefix": "api"
[2025-07-02T11:31:58.182Z] Mapped function route 'api/accounts/navigation' [get] to 'GetUserNavigation'
[2025-07-02T11:31:58.182Z] }
[2025-07-02T11:31:58.183Z] Mapped function route 'api/security/refresh' [post] to 'refresh'
[2025-07-02T11:31:58.183Z] Mapped function route 'api/auth/register' [post] to 'RegisterUser'
[2025-07-02T11:31:58.183Z] Mapped function route 'api/oauth2-redirect.html' [GET] to 'RenderOAuth2Redirect'
[2025-07-02T11:31:58.184Z] Mapped function route 'api/swagger.{extension}' [get] to 'RenderOpenApiDocument'
[2025-07-02T11:31:58.184Z] Mapped function route 'api/swagger.{extension}' [GET] to 'RenderSwaggerDocument'
[2025-07-02T11:31:58.184Z] Mapped function route 'api/swagger/ui' [get] to 'RenderSwaggerUI'
[2025-07-02T11:31:58.184Z] Mapped function route 'api/security/roles/{roleId}' [put] to 'UpdateRole'
[2025-07-02T11:31:58.185Z] Mapped function route 'api/accounts/me' [put] to 'UpdateUserProfile'
[2025-07-02T11:31:58.186Z] Mapped function route 'api/security/validate' [post] to 'validate'
[2025-07-02T11:31:58.186Z] 
[2025-07-02T11:31:58.190Z] Host initialized (98ms)
[2025-07-02T11:31:58.191Z] Host started (102ms)
[2025-07-02T11:31:58.192Z] Job host started
[2025-07-02T11:31:58.194Z] The 'refresh' function is in error: The route specified conflicts with the route defined by function 'refresh'.
[2025-07-02T11:31:58.194Z] The 'RenderOpenApiDocument' function is in error: The function or proxy name 'RenderOpenApiDocument' must be unique within the function app.
[2025-07-02T11:31:58.195Z] The 'RenderSwaggerUI' function is in error: The function or proxy name 'RenderSwaggerUI' must be unique within the function app.
[2025-07-02T11:31:58.195Z] The 'validate' function is in error: The function or proxy name 'validate' must be unique within the function app.

Functions:

	auth: [POST] http://localhost:7071/api/security/auth

	CreateNavigationItem: [POST] http://localhost:7071/api/security/navigation

	CreateRole: [POST] http://localhost:7071/api/security/roles

	deauth: [POST] http://localhost:7071/api/security/deauth

	EnsureDefaultNavigation: [POST] http://localhost:7071/api/security/navigation/ensure-defaults

	EnsureDefaultRoles: [POST] http://localhost:7071/api/security/roles/ensure-defaults

	GetCurrentUser: [GET] http://localhost:7071/api/accounts/me

	GetNavigationItems: [GET] http://localhost:7071/api/security/navigation

	GetRoles: [GET] http://localhost:7071/api/security/roles

	GetUserNavigation: [GET] http://localhost:7071/api/accounts/navigation

	refresh: [POST] http://localhost:7071/api/security/refresh

	RegisterUser: [POST] http://localhost:7071/api/auth/register

	RenderOAuth2Redirect: [GET] http://localhost:7071/api/oauth2-redirect.html

	RenderOpenApiDocument: [GET] http://localhost:7071/api/swagger.{extension}

	RenderSwaggerDocument: [GET] http://localhost:7071/api/swagger.{extension}

	RenderSwaggerUI: [GET] http://localhost:7071/api/swagger/ui

	UpdateRole: [PUT] http://localhost:7071/api/security/roles/{roleId}

	UpdateUserProfile: [PUT] http://localhost:7071/api/accounts/me

	validate: [POST] http://localhost:7071/api/security/validate

For detailed output, run func with --verbose flag.
[2025-07-02T11:32:01.856Z] Executing HTTP request: {
[2025-07-02T11:32:01.857Z]   "requestId": "97d8b118-294a-404e-b90f-66ed9c820454",
[2025-07-02T11:32:01.857Z]   "method": "POST",
[2025-07-02T11:32:01.858Z]   "userAgent": "curl/8.5.0",
[2025-07-02T11:32:01.858Z]   "uri": "/api/security/auth"
[2025-07-02T11:32:01.859Z] }
[2025-07-02T11:32:01.929Z] Executing 'Functions.auth' (Reason='This function was programmatically called via the host APIs.', Id=0406f694-eb39-408d-9787-26d901393431)
[2025-07-02T11:32:02.081Z] [21:32:02 WRN] core.jarvis.api.Functions.Security.AuthFunction Authentication validation failed: Invalid JSON: '!' is an invalid escapable character within a JSON string. The string should be correctly escaped. Path: $.password | LineNumber: 0 | BytePositionInLine: 56. {"AzureFunctions_InvocationId": "0406f694-eb39-408d-9787-26d901393431", "AzureFunctions_FunctionName": "auth", "ThreadId": 29, "MachineName": "MAIN-HOME-PC", "EnvironmentName": "Test"}
[2025-07-02T11:32:02.115Z] Executed 'Functions.auth' (Succeeded, Id=0406f694-eb39-408d-9787-26d901393431, Duration=199ms)
[2025-07-02T11:32:02.126Z] Executed HTTP request: {
[2025-07-02T11:32:02.126Z]   "requestId": "97d8b118-294a-404e-b90f-66ed9c820454",
[2025-07-02T11:32:02.127Z]   "identities": "",
[2025-07-02T11:32:02.127Z]   "status": "400",
[2025-07-02T11:32:02.127Z]   "duration": "269"
[2025-07-02T11:32:02.127Z] }
[2025-07-02T11:34:22.756Z] Executing HTTP request: {
[2025-07-02T11:34:22.756Z]   "requestId": "417a64cc-4666-4d6d-8f01-aaf7f75b65b1",
[2025-07-02T11:34:22.757Z]   "method": "POST",
[2025-07-02T11:34:22.757Z]   "userAgent": "curl/8.5.0",
[2025-07-02T11:34:22.758Z]   "uri": "/api/security/auth"
[2025-07-02T11:34:22.758Z] }
[2025-07-02T11:34:22.761Z] Executing 'Functions.auth' (Reason='This function was programmatically called via the host APIs.', Id=64059afe-6262-41c0-b5cf-10d58fba9ce3)
[2025-07-02T11:34:22.768Z] [21:34:22 WRN] core.jarvis.api.Functions.Security.AuthFunction Authentication validation failed: Invalid JSON: '!' is an invalid escapable character within a JSON string. The string should be correctly escaped. Path: $.password | LineNumber: 0 | BytePositionInLine: 56. {"AzureFunctions_InvocationId": "64059afe-6262-41c0-b5cf-10d58fba9ce3", "AzureFunctions_FunctionName": "auth", "ThreadId": 12, "MachineName": "MAIN-HOME-PC", "EnvironmentName": "Test"}
[2025-07-02T11:34:22.770Z] Executed 'Functions.auth' (Succeeded, Id=64059afe-6262-41c0-b5cf-10d58fba9ce3, Duration=9ms)
[2025-07-02T11:34:22.773Z] Executed HTTP request: {
[2025-07-02T11:34:22.774Z]   "requestId": "417a64cc-4666-4d6d-8f01-aaf7f75b65b1",
[2025-07-02T11:34:22.774Z]   "identities": "",
[2025-07-02T11:34:22.774Z]   "status": "400",
[2025-07-02T11:34:22.775Z]   "duration": "17"
[2025-07-02T11:34:22.775Z] }
[2025-07-02T11:34:32.359Z] Executing HTTP request: {
[2025-07-02T11:34:32.360Z]   "requestId": "f26e96e1-8d62-48d4-afac-66e92d4eb56d",
[2025-07-02T11:34:32.360Z]   "method": "POST",
[2025-07-02T11:34:32.360Z]   "userAgent": "curl/8.5.0",
[2025-07-02T11:34:32.360Z]   "uri": "/api/security/auth"
[2025-07-02T11:34:32.361Z] }
[2025-07-02T11:34:32.362Z] Executing 'Functions.auth' (Reason='This function was programmatically called via the host APIs.', Id=a517a7b2-9fe5-4393-8d39-baa8af068fce)
[2025-07-02T11:34:32.769Z] [21:34:32 INF] core.jarvis.api.Systems.AuthSystem User authenticated successfully: 11111111-1111-1111-1111-111111111111 {"AzureFunctions_InvocationId": "a517a7b2-9fe5-4393-8d39-baa8af068fce", "AzureFunctions_FunctionName": "auth", "ThreadId": 37, "MachineName": "MAIN-HOME-PC", "EnvironmentName": "Test"}
[2025-07-02T11:34:32.802Z] Executed 'Functions.auth' (Succeeded, Id=a517a7b2-9fe5-4393-8d39-baa8af068fce, Duration=440ms)
[2025-07-02T11:34:32.803Z] Executed HTTP request: {
[2025-07-02T11:34:32.803Z]   "requestId": "f26e96e1-8d62-48d4-afac-66e92d4eb56d",
[2025-07-02T11:34:32.803Z]   "identities": "",
[2025-07-02T11:34:32.804Z]   "status": "200",
[2025-07-02T11:34:32.804Z]   "duration": "443"
[2025-07-02T11:34:32.804Z] }
[2025-07-02T11:42:02.598Z] Unable to get table reference or create table. Aborting write operation.
[2025-07-02T11:42:02.599Z] Azure.Core: Connection refused (127.0.0.1:10002). System.Net.Http: Connection refused (127.0.0.1:10002). System.Net.Sockets: Connection refused.
[2025-07-02T11:52:18.517Z] Unable to get table reference or create table. Aborting write operation.
[2025-07-02T11:52:18.519Z] Azure.Core: Connection refused (127.0.0.1:10002). System.Net.Http: Connection refused (127.0.0.1:10002). System.Net.Sockets: Connection refused.
[2025-07-02T12:02:03.478Z] Unable to get table reference or create table. Aborting write operation.
[2025-07-02T12:02:03.479Z] Azure.Core: Connection refused (127.0.0.1:10002). System.Net.Http: Connection refused (127.0.0.1:10002). System.Net.Sockets: Connection refused.
[2025-07-02T12:12:02.960Z] Unable to get table reference or create table. Aborting write operation.
[2025-07-02T12:12:02.961Z] Azure.Core: Connection refused (127.0.0.1:10002). System.Net.Http: Connection refused (127.0.0.1:10002). System.Net.Sockets: Connection refused.
[2025-07-02T12:22:02.979Z] Unable to get table reference or create table. Aborting write operation.
[2025-07-02T12:22:02.980Z] Azure.Core: Connection refused (127.0.0.1:10002). System.Net.Http: Connection refused (127.0.0.1:10002). System.Net.Sockets: Connection refused.
[2025-07-02T12:32:18.738Z] Unable to get table reference or create table. Aborting write operation.
[2025-07-02T12:32:18.738Z] Azure.Core: Connection refused (127.0.0.1:10002). System.Net.Http: Connection refused (127.0.0.1:10002). System.Net.Sockets: Connection refused.
[2025-07-02T12:42:02.579Z] Unable to get table reference or create table. Aborting write operation.
[2025-07-02T12:42:02.579Z] Azure.Core: Connection refused (127.0.0.1:10002). System.Net.Http: Connection refused (127.0.0.1:10002). System.Net.Sockets: Connection refused.
[2025-07-02T12:52:18.195Z] Unable to get table reference or create table. Aborting write operation.
[2025-07-02T12:52:18.195Z] Azure.Core: Connection refused (127.0.0.1:10002). System.Net.Http: Connection refused (127.0.0.1:10002). System.Net.Sockets: Connection refused.
[2025-07-02T13:02:02.449Z] Unable to get table reference or create table. Aborting write operation.
[2025-07-02T13:02:02.449Z] Azure.Core: Connection refused (127.0.0.1:10002). System.Net.Http: Connection refused (127.0.0.1:10002). System.Net.Sockets: Connection refused.
[2025-07-02T13:12:02.545Z] Unable to get table reference or create table. Aborting write operation.
[2025-07-02T13:12:02.546Z] Azure.Core: Connection refused (127.0.0.1:10002). System.Net.Http: Connection refused (127.0.0.1:10002). System.Net.Sockets: Connection refused.
[2025-07-02T13:22:02.907Z] Unable to get table reference or create table. Aborting write operation.
[2025-07-02T13:22:02.907Z] Azure.Core: Connection refused (127.0.0.1:10002). System.Net.Http: Connection refused (127.0.0.1:10002). System.Net.Sockets: Connection refused.
[2025-07-02T13:32:03.339Z] Unable to get table reference or create table. Aborting write operation.
[2025-07-02T13:32:03.340Z] Azure.Core: Connection refused (127.0.0.1:10002). System.Net.Http: Connection refused (127.0.0.1:10002). System.Net.Sockets: Connection refused.
[2025-07-02T13:42:03.159Z] Unable to get table reference or create table. Aborting write operation.
[2025-07-02T13:42:03.160Z] Azure.Core: Connection refused (127.0.0.1:10002). System.Net.Http: Connection refused (127.0.0.1:10002). System.Net.Sockets: Connection refused.
[2025-07-02T13:52:02.615Z] Unable to get table reference or create table. Aborting write operation.
[2025-07-02T13:52:02.619Z] Azure.Core: Connection refused (127.0.0.1:10002). System.Net.Http: Connection refused (127.0.0.1:10002). System.Net.Sockets: Connection refused.
[2025-07-02T14:02:02.983Z] Unable to get table reference or create table. Aborting write operation.
[2025-07-02T14:02:02.984Z] Azure.Core: Connection refused (127.0.0.1:10002). System.Net.Http: Connection refused (127.0.0.1:10002). System.Net.Sockets: Connection refused.
[2025-07-02T14:12:02.622Z] Unable to get table reference or create table. Aborting write operation.
[2025-07-02T14:12:02.625Z] Azure.Core: Connection refused (127.0.0.1:10002). System.Net.Http: Connection refused (127.0.0.1:10002). System.Net.Sockets: Connection refused.
[2025-07-02T14:22:03.621Z] Unable to get table reference or create table. Aborting write operation.
[2025-07-02T14:22:03.621Z] Azure.Core: Connection refused (127.0.0.1:10002). System.Net.Http: Connection refused (127.0.0.1:10002). System.Net.Sockets: Connection refused.
[2025-07-02T14:32:03.517Z] Unable to get table reference or create table. Aborting write operation.
[2025-07-02T14:32:03.517Z] Azure.Core: Connection refused (127.0.0.1:10002). System.Net.Http: Connection refused (127.0.0.1:10002). System.Net.Sockets: Connection refused.
[2025-07-02T14:42:02.782Z] Unable to get table reference or create table. Aborting write operation.
[2025-07-02T14:42:02.783Z] Azure.Core: Connection refused (127.0.0.1:10002). System.Net.Http: Connection refused (127.0.0.1:10002). System.Net.Sockets: Connection refused.
[2025-07-02T14:52:02.518Z] Unable to get table reference or create table. Aborting write operation.
[2025-07-02T14:52:02.519Z] Azure.Core: Connection refused (127.0.0.1:10002). System.Net.Http: Connection refused (127.0.0.1:10002). System.Net.Sockets: Connection refused.
[2025-07-02T15:02:02.879Z] Unable to get table reference or create table. Aborting write operation.
[2025-07-02T15:02:02.879Z] Azure.Core: Connection refused (127.0.0.1:10002). System.Net.Http: Connection refused (127.0.0.1:10002). System.Net.Sockets: Connection refused.
[2025-07-02T15:12:02.998Z] Unable to get table reference or create table. Aborting write operation.
[2025-07-02T15:12:02.999Z] Azure.Core: Connection refused (127.0.0.1:10002). System.Net.Http: Connection refused (127.0.0.1:10002). System.Net.Sockets: Connection refused.
[2025-07-02T15:22:19.161Z] Unable to get table reference or create table. Aborting write operation.
[2025-07-02T15:22:19.161Z] Azure.Core: Connection refused (127.0.0.1:10002). System.Net.Http: Connection refused (127.0.0.1:10002). System.Net.Sockets: Connection refused.
[2025-07-02T15:32:03.122Z] Unable to get table reference or create table. Aborting write operation.
[2025-07-02T15:32:03.123Z] Azure.Core: Connection refused (127.0.0.1:10002). System.Net.Http: Connection refused (127.0.0.1:10002). System.Net.Sockets: Connection refused.
[2025-07-02T15:42:02.723Z] Unable to get table reference or create table. Aborting write operation.
[2025-07-02T15:42:02.724Z] Azure.Core: Connection refused (127.0.0.1:10002). System.Net.Http: Connection refused (127.0.0.1:10002). System.Net.Sockets: Connection refused.
[2025-07-02T15:52:03.477Z] Unable to get table reference or create table. Aborting write operation.
[2025-07-02T15:52:03.477Z] Azure.Core: Connection refused (127.0.0.1:10002). System.Net.Http: Connection refused (127.0.0.1:10002). System.Net.Sockets: Connection refused.
[2025-07-02T16:02:18.821Z] Unable to get table reference or create table. Aborting write operation.
[2025-07-02T16:02:18.821Z] Azure.Core: Connection refused (127.0.0.1:10002). System.Net.Http: Connection refused (127.0.0.1:10002). System.Net.Sockets: Connection refused.
[2025-07-02T16:12:03.230Z] Unable to get table reference or create table. Aborting write operation.
[2025-07-02T16:12:03.230Z] Azure.Core: Connection refused (127.0.0.1:10002). System.Net.Http: Connection refused (127.0.0.1:10002). System.Net.Sockets: Connection refused.
[2025-07-02T16:22:03.600Z] Unable to get table reference or create table. Aborting write operation.
[2025-07-02T16:22:03.601Z] Azure.Core: Connection refused (127.0.0.1:10002). System.Net.Http: Connection refused (127.0.0.1:10002). System.Net.Sockets: Connection refused.
[2025-07-02T16:32:03.050Z] Unable to get table reference or create table. Aborting write operation.
[2025-07-02T16:32:03.050Z] Azure.Core: Connection refused (127.0.0.1:10002). System.Net.Http: Connection refused (127.0.0.1:10002). System.Net.Sockets: Connection refused.
[2025-07-02T16:42:03.001Z] Unable to get table reference or create table. Aborting write operation.
[2025-07-02T16:42:03.002Z] Azure.Core: Connection refused (127.0.0.1:10002). System.Net.Http: Connection refused (127.0.0.1:10002). System.Net.Sockets: Connection refused.
[2025-07-02T16:52:03.511Z] Unable to get table reference or create table. Aborting write operation.
[2025-07-02T16:52:03.512Z] Azure.Core: Connection refused (127.0.0.1:10002). System.Net.Http: Connection refused (127.0.0.1:10002). System.Net.Sockets: Connection refused.
[2025-07-02T17:02:02.565Z] Unable to get table reference or create table. Aborting write operation.
[2025-07-02T17:02:02.566Z] Azure.Core: Connection refused (127.0.0.1:10002). System.Net.Http: Connection refused (127.0.0.1:10002). System.Net.Sockets: Connection refused.
[2025-07-02T17:12:03.315Z] Unable to get table reference or create table. Aborting write operation.
[2025-07-02T17:12:03.316Z] Azure.Core: Connection refused (127.0.0.1:10002). System.Net.Http: Connection refused (127.0.0.1:10002). System.Net.Sockets: Connection refused.
[2025-07-02T17:22:18.611Z] Unable to get table reference or create table. Aborting write operation.
[2025-07-02T17:22:18.612Z] Azure.Core: Connection refused (127.0.0.1:10002). System.Net.Http: Connection refused (127.0.0.1:10002). System.Net.Sockets: Connection refused.
[2025-07-02T17:32:03.009Z] Unable to get table reference or create table. Aborting write operation.
[2025-07-02T17:32:03.009Z] Azure.Core: Connection refused (127.0.0.1:10002). System.Net.Http: Connection refused (127.0.0.1:10002). System.Net.Sockets: Connection refused.
[2025-07-02T17:32:12.865Z] Executing HTTP request: {
[2025-07-02T17:32:12.865Z]   "requestId": "137994f2-7b12-403e-80d5-f979f7c53e7b",
[2025-07-02T17:32:12.866Z]   "method": "GET",
[2025-07-02T17:32:12.866Z]   "userAgent": "Mozilla/5.0 (Windows NT 10.0; Win64; x64) AppleWebKit/537.36 (KHTML, like Gecko) Chrome/138.0.0.0 Safari/537.36",
[2025-07-02T17:32:12.866Z]   "uri": "/api/security/user"
[2025-07-02T17:32:12.866Z] }
[2025-07-02T17:32:12.869Z] Executed HTTP request: {
[2025-07-02T17:32:12.870Z]   "requestId": "137994f2-7b12-403e-80d5-f979f7c53e7b",
[2025-07-02T17:32:12.870Z]   "identities": "",
[2025-07-02T17:32:12.871Z]   "status": "404",
[2025-07-02T17:32:12.871Z]   "duration": "4"
[2025-07-02T17:32:12.872Z] }
[2025-07-02T17:32:12.874Z] Executing HTTP request: {
[2025-07-02T17:32:12.875Z]   "requestId": "0c4fcb5d-c622-421f-a01e-5e1f7d82fd2e",
[2025-07-02T17:32:12.875Z]   "method": "GET",
[2025-07-02T17:32:12.875Z]   "userAgent": "Mozilla/5.0 (Windows NT 10.0; Win64; x64) AppleWebKit/537.36 (KHTML, like Gecko) Chrome/138.0.0.0 Safari/537.36",
[2025-07-02T17:32:12.876Z]   "uri": "/api/security/user"
[2025-07-02T17:32:12.876Z] }
[2025-07-02T17:32:12.877Z] Executed HTTP request: {
[2025-07-02T17:32:12.877Z]   "requestId": "0c4fcb5d-c622-421f-a01e-5e1f7d82fd2e",
[2025-07-02T17:32:12.877Z]   "identities": "",
[2025-07-02T17:32:12.878Z]   "status": "404",
[2025-07-02T17:32:12.878Z]   "duration": "2"
[2025-07-02T17:32:12.878Z] }
[2025-07-02T17:36:56.618Z] Executing HTTP request: {
[2025-07-02T17:36:56.619Z]   "requestId": "bfadc4e6-eaa2-4d74-80ba-dcdc75862fe2",
[2025-07-02T17:36:56.619Z]   "method": "POST",
[2025-07-02T17:36:56.619Z]   "userAgent": "Mozilla/5.0 (Windows NT 10.0; Win64; x64) AppleWebKit/537.36 (KHTML, like Gecko) Chrome/138.0.0.0 Safari/537.36",
[2025-07-02T17:36:56.620Z]   "uri": "/api/security/auth"
[2025-07-02T17:36:56.620Z] }
[2025-07-02T17:36:56.625Z] Executing 'Functions.auth' (Reason='This function was programmatically called via the host APIs.', Id=b24c540e-9e33-4203-b5da-707be0031e3d)
[2025-07-02T17:36:56.878Z] [03:36:56 ERR]  Failed to save component AuthToken for entity 11111111-1111-1111-1111-111111111111 {"Line": 157, "SourceFile": "/mnt/c/code/github/jarvis/core.jarvis/Data/DataContext.cs", "Method": "Commit", "ErrorContext": "{ ComponentType = AuthToken, EntityId = 11111111-1111-1111-1111-111111111111, ComponentId = 97fc2504-2cc7-460e-98ed-dd05d35c5769 }", "AzureFunctions_InvocationId": "b24c540e-9e33-4203-b5da-707be0031e3d", "AzureFunctions_FunctionName": "auth", "ThreadId": 77, "MachineName": "MAIN-HOME-PC", "EnvironmentName": "Test"}
[2025-07-02T17:36:56.878Z] Npgsql.PostgresException (0x80004005): 42501: permission denied for table auth_token_component
[2025-07-02T17:36:56.879Z]    at Npgsql.Internal.NpgsqlConnector.ReadMessageLong(Boolean async, DataRowLoadingMode dataRowLoadingMode, Boolean readingNotifications, Boolean isReadingPrependedMessage)
[2025-07-02T17:36:56.879Z]    at System.Runtime.CompilerServices.PoolingAsyncValueTaskMethodBuilder`1.StateMachineBox`1.System.Threading.Tasks.Sources.IValueTaskSource<TResult>.GetResult(Int16 token)
[2025-07-02T17:36:56.879Z]    at Npgsql.NpgsqlDataReader.NextResult(Boolean async, Boolean isConsuming, CancellationToken cancellationToken)
[2025-07-02T17:36:56.879Z]    at Npgsql.NpgsqlDataReader.NextResult(Boolean async, Boolean isConsuming, CancellationToken cancellationToken)
[2025-07-02T17:36:56.880Z]    at Npgsql.NpgsqlCommand.ExecuteReader(Boolean async, CommandBehavior behavior, CancellationToken cancellationToken)
[2025-07-02T17:36:56.880Z]    at Npgsql.NpgsqlCommand.ExecuteReader(Boolean async, CommandBehavior behavior, CancellationToken cancellationToken)
[2025-07-02T17:36:56.881Z]    at Npgsql.NpgsqlCommand.ExecuteNonQuery(Boolean async, CancellationToken cancellationToken)
[2025-07-02T17:36:56.882Z]    at Dapper.SqlMapper.ExecuteImplAsync(IDbConnection cnn, CommandDefinition command, Object param) in /_/Dapper/SqlMapper.Async.cs:line 662
[2025-07-02T17:36:56.882Z]    at core.jarvis.data.PgTable`1.Insert(T entity) in /mnt/c/code/github/jarvis/core.jarvis.data/PgTable.cs:line 128
[2025-07-02T17:36:56.883Z]    at core.jarvis.data.PgTable`1.Upsert(T entity) in /mnt/c/code/github/jarvis/core.jarvis.data/PgTable.cs:line 339
[2025-07-02T17:36:56.883Z]    at core.jarvis.Data.DataContext.Commit[TComponent](TComponent component) in /mnt/c/code/github/jarvis/core.jarvis/Data/DataContext.cs:line 123
[2025-07-02T17:36:56.883Z]   Exception data:
[2025-07-02T17:36:56.883Z]     Severity: ERROR
[2025-07-02T17:36:56.883Z]     SqlState: 42501
[2025-07-02T17:36:56.884Z]     MessageText: permission denied for table auth_token_component
[2025-07-02T17:36:56.884Z]     File: aclchk.c
[2025-07-02T17:36:56.884Z]     Line: 2843
[2025-07-02T17:36:56.884Z]     Routine: aclcheck_error
[2025-07-02T17:36:56.887Z] [03:36:56 ERR] core.jarvis.api.Handlers.AuthHandler Error during authentication for email: test@example.com {"AzureFunctions_InvocationId": "b24c540e-9e33-4203-b5da-707be0031e3d", "AzureFunctions_FunctionName": "auth", "ThreadId": 77, "MachineName": "MAIN-HOME-PC", "EnvironmentName": "Test"}
[2025-07-02T17:36:56.888Z] Npgsql.PostgresException (0x80004005): 42501: permission denied for table auth_token_component
[2025-07-02T17:36:56.888Z]    at core.jarvis.ErrorHandling.ErrorHandlingPolicy.LogAndRethrow(Exception exception, String message, Object context, String memberName, String sourceFilePath, Int32 sourceLineNumber) in /mnt/c/code/github/jarvis/core.jarvis/ErrorHandling/ErrorHandlingPolicy.cs:line 33
[2025-07-02T17:36:56.888Z]    at core.jarvis.Data.DataContext.Commit[TComponent](TComponent component) in /mnt/c/code/github/jarvis/core.jarvis/Data/DataContext.cs:line 157
[2025-07-02T17:36:56.888Z]    at core.jarvis.api.Handlers.AuthHandler.AuthenticateInternal(Account accountCredentials) in /mnt/c/code/github/jarvis/core.jarvis.api/Handlers/AuthHandler.cs:line 169
[2025-07-02T17:36:56.888Z]   Exception data:
[2025-07-02T17:36:56.889Z]     Severity: ERROR
[2025-07-02T17:36:56.889Z]     SqlState: 42501
[2025-07-02T17:36:56.889Z]     MessageText: permission denied for table auth_token_component
[2025-07-02T17:36:56.889Z]     File: aclchk.c
[2025-07-02T17:36:56.889Z]     Line: 2843
[2025-07-02T17:36:56.890Z]     Routine: aclcheck_error
[2025-07-02T17:36:56.890Z] Executed 'Functions.auth' (Succeeded, Id=b24c540e-9e33-4203-b5da-707be0031e3d, Duration=268ms)
[2025-07-02T17:36:56.891Z] Executed HTTP request: {
[2025-07-02T17:36:56.891Z]   "requestId": "bfadc4e6-eaa2-4d74-80ba-dcdc75862fe2",
[2025-07-02T17:36:56.891Z]   "identities": "",
[2025-07-02T17:36:56.891Z]   "status": "200",
[2025-07-02T17:36:56.892Z]   "duration": "272"
[2025-07-02T17:36:56.892Z] }
[2025-07-02T17:37:08.794Z] Executing HTTP request: {
[2025-07-02T17:37:08.795Z]   "requestId": "67b3aec7-a6ab-4ddf-a52a-864687968da3",
[2025-07-02T17:37:08.795Z]   "method": "GET",
[2025-07-02T17:37:08.795Z]   "userAgent": "Mozilla/5.0 (Windows NT 10.0; Win64; x64) AppleWebKit/537.36 (KHTML, like Gecko) Chrome/138.0.0.0 Safari/537.36",
[2025-07-02T17:37:08.796Z]   "uri": "/api/security/user"
[2025-07-02T17:37:08.796Z] }
[2025-07-02T17:37:08.796Z] Executed HTTP request: {
[2025-07-02T17:37:08.797Z]   "requestId": "67b3aec7-a6ab-4ddf-a52a-864687968da3",
[2025-07-02T17:37:08.797Z]   "identities": "",
[2025-07-02T17:37:08.797Z]   "status": "404",
[2025-07-02T17:37:08.798Z]   "duration": "2"
[2025-07-02T17:37:08.798Z] }
[2025-07-02T17:37:08.800Z] Executing HTTP request: {
[2025-07-02T17:37:08.800Z]   "requestId": "1240424b-95cb-4697-a212-8274efb27c7f",
[2025-07-02T17:37:08.800Z]   "method": "GET",
[2025-07-02T17:37:08.801Z]   "userAgent": "Mozilla/5.0 (Windows NT 10.0; Win64; x64) AppleWebKit/537.36 (KHTML, like Gecko) Chrome/138.0.0.0 Safari/537.36",
[2025-07-02T17:37:08.801Z]   "uri": "/api/security/user"
[2025-07-02T17:37:08.801Z] }
[2025-07-02T17:37:08.802Z] Executed HTTP request: {
[2025-07-02T17:37:08.802Z]   "requestId": "1240424b-95cb-4697-a212-8274efb27c7f",
[2025-07-02T17:37:08.802Z]   "identities": "",
[2025-07-02T17:37:08.803Z]   "status": "404",
[2025-07-02T17:37:08.803Z]   "duration": "2"
[2025-07-02T17:37:08.803Z] }
[2025-07-02T17:37:23.103Z] Executing HTTP request: {
[2025-07-02T17:37:23.103Z]   "requestId": "255348a7-6e6c-4087-83d5-d90c590a408a",
[2025-07-02T17:37:23.104Z]   "method": "GET",
[2025-07-02T17:37:23.104Z]   "userAgent": "Mozilla/5.0 (Windows NT 10.0; Win64; x64) AppleWebKit/537.36 (KHTML, like Gecko) Chrome/138.0.0.0 Safari/537.36",
[2025-07-02T17:37:23.105Z]   "uri": "/api/security/auth"
[2025-07-02T17:37:23.105Z] }
[2025-07-02T17:37:23.106Z] Executed HTTP request: {
[2025-07-02T17:37:23.106Z]   "requestId": "255348a7-6e6c-4087-83d5-d90c590a408a",
[2025-07-02T17:37:23.106Z]   "identities": "",
[2025-07-02T17:37:23.106Z]   "status": "404",
[2025-07-02T17:37:23.107Z]   "duration": "2"
[2025-07-02T17:37:23.107Z] }
[2025-07-02T17:37:45.100Z] Executing HTTP request: {
[2025-07-02T17:37:45.102Z]   "requestId": "0d0859ea-c3bc-4217-ae92-4311afd2be0e",
[2025-07-02T17:37:45.102Z]   "method": "GET",
[2025-07-02T17:37:45.102Z]   "userAgent": "Mozilla/5.0 (Windows NT 10.0; Win64; x64) AppleWebKit/537.36 (KHTML, like Gecko) Chrome/138.0.0.0 Safari/537.36",
[2025-07-02T17:37:45.103Z]   "uri": "/api/swagger/ui"
[2025-07-02T17:37:45.103Z] }
[2025-07-02T17:37:45.106Z] Executing 'Functions.RenderSwaggerUI' (Reason='This function was programmatically called via the host APIs.', Id=9a53c5ce-e424-4bcc-97a9-c266e0ea055c)
[2025-07-02T17:37:45.110Z] [03:37:45 INF] core.jarvis.api.Functions.SwaggerFunctions Swagger UI requested {"AzureFunctions_InvocationId": "9a53c5ce-e424-4bcc-97a9-c266e0ea055c", "AzureFunctions_FunctionName": "RenderSwaggerUI", "ThreadId": 12, "MachineName": "MAIN-HOME-PC", "EnvironmentName": "Test"}
[2025-07-02T17:37:45.112Z] Executed 'Functions.RenderSwaggerUI' (Succeeded, Id=9a53c5ce-e424-4bcc-97a9-c266e0ea055c, Duration=7ms)
[2025-07-02T17:37:45.113Z] Executed HTTP request: {
[2025-07-02T17:37:45.113Z]   "requestId": "0d0859ea-c3bc-4217-ae92-4311afd2be0e",
[2025-07-02T17:37:45.113Z]   "identities": "",
[2025-07-02T17:37:45.114Z]   "status": "200",
[2025-07-02T17:37:45.114Z]   "duration": "12"
[2025-07-02T17:37:45.114Z] }
[2025-07-02T17:37:30.188Z] Executing HTTP request: {
[2025-07-02T17:37:30.189Z]   "requestId": "d7611c05-611d-431f-bfe7-d69c0bcac8a1",
[2025-07-02T17:37:30.189Z]   "method": "GET",
[2025-07-02T17:37:30.189Z]   "userAgent": "Mozilla/5.0 (Windows NT 10.0; Win64; x64) AppleWebKit/537.36 (KHTML, like Gecko) Chrome/138.0.0.0 Safari/537.36",
[2025-07-02T17:37:30.189Z]   "uri": "/api/swagger.json"
[2025-07-02T17:37:30.189Z] }
[2025-07-02T17:37:30.191Z] Executing 'Functions.RenderOpenApiDocument' (Reason='This function was programmatically called via the host APIs.', Id=d04bf548-f78f-4b4d-89ab-cd050858600d)
[2025-07-02T17:37:30.198Z] [03:37:30 INF] core.jarvis.api.Functions.SwaggerFunctions OpenAPI document requested: json {"AzureFunctions_InvocationId": "d04bf548-f78f-4b4d-89ab-cd050858600d", "AzureFunctions_FunctionName": "RenderOpenApiDocument", "ThreadId": 75, "MachineName": "MAIN-HOME-PC", "EnvironmentName": "Test"}
[2025-07-02T17:37:30.218Z] Executed 'Functions.RenderOpenApiDocument' (Succeeded, Id=d04bf548-f78f-4b4d-89ab-cd050858600d, Duration=27ms)
[2025-07-02T17:37:30.219Z] Executed HTTP request: {
[2025-07-02T17:37:30.219Z]   "requestId": "d7611c05-611d-431f-bfe7-d69c0bcac8a1",
[2025-07-02T17:37:30.220Z]   "identities": "",
[2025-07-02T17:37:30.220Z]   "status": "200",
[2025-07-02T17:37:30.220Z]   "duration": "30"
[2025-07-02T17:37:30.221Z] }
[2025-07-02T17:37:58.652Z] Executing HTTP request: {
[2025-07-02T17:37:58.653Z]   "requestId": "e7d6d6db-fd3a-454a-97ef-15f8066d4aff",
[2025-07-02T17:37:58.654Z]   "method": "POST",
[2025-07-02T17:37:58.654Z]   "userAgent": "Mozilla/5.0 (Windows NT 10.0; Win64; x64) AppleWebKit/537.36 (KHTML, like Gecko) Chrome/138.0.0.0 Safari/537.36",
[2025-07-02T17:37:58.655Z]   "uri": "/api/security/auth"
[2025-07-02T17:37:58.655Z] }
[2025-07-02T17:37:58.658Z] Executing 'Functions.auth' (Reason='This function was programmatically called via the host APIs.', Id=08d20c7f-ed02-44a1-91ff-174e6e68f7b2)
[2025-07-02T17:37:58.846Z] [03:37:58 ERR]  Failed to save component SecurityAuditEvent for entity 00000000-0000-0000-0000-000000000000 {"Line": 157, "SourceFile": "/mnt/c/code/github/jarvis/core.jarvis/Data/DataContext.cs", "Method": "Commit", "ErrorContext": "{ ComponentType = SecurityAuditEvent, EntityId = 00000000-0000-0000-0000-000000000000, ComponentId = 285ba1e7-a863-4a0d-9a15-8ef413ada7ab }", "AzureFunctions_InvocationId": "08d20c7f-ed02-44a1-91ff-174e6e68f7b2", "AzureFunctions_FunctionName": "auth", "ThreadId": 80, "MachineName": "MAIN-HOME-PC", "EnvironmentName": "Test"}
[2025-07-02T17:37:58.847Z] Npgsql.PostgresException (0x80004005): 42501: permission denied for table security_audit_event_component
[2025-07-02T17:37:58.847Z]    at Npgsql.Internal.NpgsqlConnector.ReadMessageLong(Boolean async, DataRowLoadingMode dataRowLoadingMode, Boolean readingNotifications, Boolean isReadingPrependedMessage)
[2025-07-02T17:37:58.847Z] Executed 'Functions.auth' (Succeeded, Id=08d20c7f-ed02-44a1-91ff-174e6e68f7b2, Duration=190ms)
[2025-07-02T17:37:58.848Z]    at System.Runtime.CompilerServices.PoolingAsyncValueTaskMethodBuilder`1.StateMachineBox`1.System.Threading.Tasks.Sources.IValueTaskSource<TResult>.GetResult(Int16 token)[2025-07-02T17:37:58.848Z] Executed HTTP request: {

[2025-07-02T17:37:58.849Z]   "requestId": "e7d6d6db-fd3a-454a-97ef-15f8066d4aff",
[2025-07-02T17:37:58.849Z]   "identities": "",
[2025-07-02T17:37:58.849Z]    at Npgsql.NpgsqlDataReader.NextResult(Boolean async, Boolean isConsuming, CancellationToken cancellationToken)
[2025-07-02T17:37:58.850Z]   "status": "200",
[2025-07-02T17:37:58.850Z]   "duration": "195"
[2025-07-02T17:37:58.850Z] }
[2025-07-02T17:37:58.850Z]    at Npgsql.NpgsqlDataReader.NextResult(Boolean async, Boolean isConsuming, CancellationToken cancellationToken)
[2025-07-02T17:37:58.851Z]    at Npgsql.NpgsqlCommand.ExecuteReader(Boolean async, CommandBehavior behavior, CancellationToken cancellationToken)
[2025-07-02T17:37:58.851Z]    at Npgsql.NpgsqlCommand.ExecuteReader(Boolean async, CommandBehavior behavior, CancellationToken cancellationToken)
[2025-07-02T17:37:58.851Z]    at Npgsql.NpgsqlCommand.ExecuteNonQuery(Boolean async, CancellationToken cancellationToken)
[2025-07-02T17:37:58.851Z]    at Dapper.SqlMapper.ExecuteImplAsync(IDbConnection cnn, CommandDefinition command, Object param) in /_/Dapper/SqlMapper.Async.cs:line 662
[2025-07-02T17:37:58.852Z]    at core.jarvis.data.PgTable`1.Insert(T entity) in /mnt/c/code/github/jarvis/core.jarvis.data/PgTable.cs:line 128
[2025-07-02T17:37:58.852Z]    at core.jarvis.data.PgTable`1.Upsert(T entity) in /mnt/c/code/github/jarvis/core.jarvis.data/PgTable.cs:line 339
[2025-07-02T17:37:58.852Z]    at core.jarvis.Data.DataContext.Commit[TComponent](TComponent component) in /mnt/c/code/github/jarvis/core.jarvis/Data/DataContext.cs:line 123
[2025-07-02T17:37:58.852Z]   Exception data:
[2025-07-02T17:37:58.853Z]     Severity: ERROR
[2025-07-02T17:37:58.853Z]     SqlState: 42501
[2025-07-02T17:37:58.853Z]     MessageText: permission denied for table security_audit_event_component
[2025-07-02T17:37:58.853Z]     File: aclchk.c
[2025-07-02T17:37:58.853Z]     Line: 2843
[2025-07-02T17:37:58.854Z]     Routine: aclcheck_error
[2025-07-02T17:37:58.854Z] [03:37:58 ERR] core.jarvis.api.Services.SecurityAuditService Failed to log authentication failure {"AzureFunctions_InvocationId": "08d20c7f-ed02-44a1-91ff-174e6e68f7b2", "AzureFunctions_FunctionName": "auth", "ThreadId": 80, "MachineName": "MAIN-HOME-PC", "EnvironmentName": "Test"}
[2025-07-02T17:37:58.854Z] Npgsql.PostgresException (0x80004005): 42501: permission denied for table security_audit_event_component
[2025-07-02T17:37:58.854Z]    at core.jarvis.ErrorHandling.ErrorHandlingPolicy.LogAndRethrow(Exception exception, String message, Object context, String memberName, String sourceFilePath, Int32 sourceLineNumber) in /mnt/c/code/github/jarvis/core.jarvis/ErrorHandling/ErrorHandlingPolicy.cs:line 33
[2025-07-02T17:37:58.855Z]    at core.jarvis.Data.DataContext.Commit[TComponent](TComponent component) in /mnt/c/code/github/jarvis/core.jarvis/Data/DataContext.cs:line 157
[2025-07-02T17:37:58.855Z]    at core.jarvis.api.Services.SecurityAuditService.LogFailedAuthentication(String email, String ipAddress, String userAgent, String reason) in /mnt/c/code/github/jarvis/core.jarvis.api/Services/SecurityAuditService.cs:line 51
[2025-07-02T17:37:58.855Z]   Exception data:
[2025-07-02T17:37:58.855Z]     Severity: ERROR
[2025-07-02T17:37:58.855Z]     SqlState: 42501
[2025-07-02T17:37:58.855Z]     MessageText: permission denied for table security_audit_event_component
[2025-07-02T17:37:58.856Z]     File: aclchk.c
[2025-07-02T17:37:58.856Z]     Line: 2843
[2025-07-02T17:37:58.856Z]     Routine: aclcheck_error
[2025-07-02T17:38:16.761Z] Executing HTTP request: {
[2025-07-02T17:38:16.761Z]   "requestId": "2fdf3066-1d3a-4285-b7f3-78b980e11c44",
[2025-07-02T17:38:16.761Z]   "method": "GET",
[2025-07-02T17:38:16.762Z]   "userAgent": "Mozilla/5.0 (Windows NT 10.0; Win64; x64) AppleWebKit/537.36 (KHTML, like Gecko) Chrome/138.0.0.0 Safari/537.36",
[2025-07-02T17:38:16.762Z]   "uri": "/.well-known/appspecific/com.chrome.devtools.json"
[2025-07-02T17:38:16.762Z] }
[2025-07-02T17:38:16.762Z] Executed HTTP request: {
[2025-07-02T17:38:16.763Z]   "requestId": "2fdf3066-1d3a-4285-b7f3-78b980e11c44",
[2025-07-02T17:38:16.763Z]   "identities": "",
[2025-07-02T17:38:16.763Z]   "status": "404",
[2025-07-02T17:38:16.763Z]   "duration": "1"
[2025-07-02T17:38:16.764Z] }
[2025-07-02T17:38:37.093Z] Executing HTTP request: {
[2025-07-02T17:38:37.094Z]   "requestId": "6a26d663-58ae-43e1-b722-b2f6dad09bd9",
[2025-07-02T17:38:37.094Z]   "method": "POST",
[2025-07-02T17:38:37.094Z]   "userAgent": "Mozilla/5.0 (Windows NT 10.0; Win64; x64) AppleWebKit/537.36 (KHTML, like Gecko) Chrome/138.0.0.0 Safari/537.36",
[2025-07-02T17:38:37.095Z]   "uri": "/api/security/auth"
[2025-07-02T17:38:37.095Z] }
[2025-07-02T17:38:37.096Z] Executing 'Functions.auth' (Reason='This function was programmatically called via the host APIs.', Id=85855cec-4bdf-479c-8fb9-03a3b0f9e3a2)
[2025-07-02T17:38:37.283Z] [03:38:37 ERR]  Failed to save component SecurityAuditEvent for entity 00000000-0000-0000-0000-000000000000 {"Line": 157, "SourceFile": "/mnt/c/code/github/jarvis/core.jarvis/Data/DataContext.cs", "Method": "Commit", "ErrorContext": "{ ComponentType = SecurityAuditEvent, EntityId = 00000000-0000-0000-0000-000000000000, ComponentId = 2b7b5eef-ef42-4de2-b107-89b42c8e2e4a }", "AzureFunctions_InvocationId": "85855cec-4bdf-479c-8fb9-03a3b0f9e3a2", "AzureFunctions_FunctionName": "auth", "ThreadId": 76, "MachineName": "MAIN-HOME-PC", "EnvironmentName": "Test"}
[2025-07-02T17:38:37.284Z] Npgsql.PostgresException (0x80004005): 42501: permission denied for table security_audit_event_component
[2025-07-02T17:38:37.284Z]    at Npgsql.Internal.NpgsqlConnector.ReadMessageLong(Boolean async, DataRowLoadingMode dataRowLoadingMode, Boolean readingNotifications, Boolean isReadingPrependedMessage)
[2025-07-02T17:38:37.285Z] Executed 'Functions.auth' (Succeeded, Id=85855cec-4bdf-479c-8fb9-03a3b0f9e3a2, Duration=188ms)
[2025-07-02T17:38:37.285Z]    at System.Runtime.CompilerServices.PoolingAsyncValueTaskMethodBuilder`1.StateMachineBox`1.System.Threading.Tasks.Sources.IValueTaskSource<TResult>.GetResult(Int16 token)
[2025-07-02T17:38:37.285Z] Executed HTTP request: {
[2025-07-02T17:38:37.286Z]   "requestId": "6a26d663-58ae-43e1-b722-b2f6dad09bd9",
[2025-07-02T17:38:37.286Z]   "identities": "",
[2025-07-02T17:38:37.286Z]    at Npgsql.NpgsqlDataReader.NextResult(Boolean async, Boolean isConsuming, CancellationToken cancellationToken)
[2025-07-02T17:38:37.287Z]   "status": "200",
[2025-07-02T17:38:37.287Z]   "duration": "192"
[2025-07-02T17:38:37.287Z] }
[2025-07-02T17:38:37.287Z]    at Npgsql.NpgsqlDataReader.NextResult(Boolean async, Boolean isConsuming, CancellationToken cancellationToken)
[2025-07-02T17:38:37.288Z]    at Npgsql.NpgsqlCommand.ExecuteReader(Boolean async, CommandBehavior behavior, CancellationToken cancellationToken)
[2025-07-02T17:38:37.288Z]    at Npgsql.NpgsqlCommand.ExecuteReader(Boolean async, CommandBehavior behavior, CancellationToken cancellationToken)
[2025-07-02T17:38:37.288Z]    at Npgsql.NpgsqlCommand.ExecuteNonQuery(Boolean async, CancellationToken cancellationToken)
[2025-07-02T17:38:37.289Z]    at Dapper.SqlMapper.ExecuteImplAsync(IDbConnection cnn, CommandDefinition command, Object param) in /_/Dapper/SqlMapper.Async.cs:line 662
[2025-07-02T17:38:37.289Z]    at core.jarvis.data.PgTable`1.Insert(T entity) in /mnt/c/code/github/jarvis/core.jarvis.data/PgTable.cs:line 128
[2025-07-02T17:38:37.289Z]    at core.jarvis.data.PgTable`1.Upsert(T entity) in /mnt/c/code/github/jarvis/core.jarvis.data/PgTable.cs:line 339
[2025-07-02T17:38:37.289Z]    at core.jarvis.Data.DataContext.Commit[TComponent](TComponent component) in /mnt/c/code/github/jarvis/core.jarvis/Data/DataContext.cs:line 123
[2025-07-02T17:38:37.290Z]   Exception data:
[2025-07-02T17:38:37.290Z]     Severity: ERROR
[2025-07-02T17:38:37.290Z]     SqlState: 42501
[2025-07-02T17:38:37.291Z]     MessageText: permission denied for table security_audit_event_component
[2025-07-02T17:38:37.291Z]     File: aclchk.c
[2025-07-02T17:38:37.291Z]     Line: 2843
[2025-07-02T17:38:37.292Z]     Routine: aclcheck_error
[2025-07-02T17:38:37.292Z] [03:38:37 ERR] core.jarvis.api.Services.SecurityAuditService Failed to log authentication failure {"AzureFunctions_InvocationId": "85855cec-4bdf-479c-8fb9-03a3b0f9e3a2", "AzureFunctions_FunctionName": "auth", "ThreadId": 76, "MachineName": "MAIN-HOME-PC", "EnvironmentName": "Test"}
[2025-07-02T17:38:37.292Z] Npgsql.PostgresException (0x80004005): 42501: permission denied for table security_audit_event_component
[2025-07-02T17:38:37.292Z]    at core.jarvis.ErrorHandling.ErrorHandlingPolicy.LogAndRethrow(Exception exception, String message, Object context, String memberName, String sourceFilePath, Int32 sourceLineNumber) in /mnt/c/code/github/jarvis/core.jarvis/ErrorHandling/ErrorHandlingPolicy.cs:line 33
[2025-07-02T17:38:37.293Z]    at core.jarvis.Data.DataContext.Commit[TComponent](TComponent component) in /mnt/c/code/github/jarvis/core.jarvis/Data/DataContext.cs:line 157
[2025-07-02T17:38:37.293Z]    at core.jarvis.api.Services.SecurityAuditService.LogFailedAuthentication(String email, String ipAddress, String userAgent, String reason) in /mnt/c/code/github/jarvis/core.jarvis.api/Services/SecurityAuditService.cs:line 51
[2025-07-02T17:38:37.294Z]   Exception data:
[2025-07-02T17:38:37.294Z]     Severity: ERROR
[2025-07-02T17:38:37.294Z]     SqlState: 42501
[2025-07-02T17:38:37.294Z]     MessageText: permission denied for table security_audit_event_component
[2025-07-02T17:38:37.295Z]     File: aclchk.c
[2025-07-02T17:38:37.295Z]     Line: 2843
[2025-07-02T17:38:37.295Z]     Routine: aclcheck_error
[2025-07-02T17:38:22.416Z] Executing HTTP request: {
[2025-07-02T17:38:22.417Z]   "requestId": "8038e9c5-6673-47ea-ab53-ae4a9eb37bd5",
[2025-07-02T17:38:22.417Z]   "method": "POST",
[2025-07-02T17:38:22.417Z]   "userAgent": "Mozilla/5.0 (Windows NT 10.0; Win64; x64) AppleWebKit/537.36 (KHTML, like Gecko) Chrome/138.0.0.0 Safari/537.36",
[2025-07-02T17:38:22.418Z]   "uri": "/api/security/auth"
[2025-07-02T17:38:22.419Z] }
[2025-07-02T17:38:22.420Z] Executing 'Functions.auth' (Reason='This function was programmatically called via the host APIs.', Id=068aea13-fb22-4dfb-9431-8b9dedaa92b6)
[2025-07-02T17:38:22.606Z] [03:38:22 ERR]  Failed to save component SecurityAuditEvent for entity 00000000-0000-0000-0000-000000000000 {"Line": 157, "SourceFile": "/mnt/c/code/github/jarvis/core.jarvis/Data/DataContext.cs", "Method": "Commit", "ErrorContext": "{ ComponentType = SecurityAuditEvent, EntityId = 00000000-0000-0000-0000-000000000000, ComponentId = e3f76b5b-f314-4970-a5dc-f0071040a5c2 }", "AzureFunctions_InvocationId": "068aea13-fb22-4dfb-9431-8b9dedaa92b6", "AzureFunctions_FunctionName": "auth", "ThreadId": 80, "MachineName": "MAIN-HOME-PC", "EnvironmentName": "Test"}
[2025-07-02T17:38:22.607Z] Npgsql.PostgresException (0x80004005): 42501: permission denied for table security_audit_event_component
[2025-07-02T17:38:22.607Z]    at Npgsql.Internal.NpgsqlConnector.ReadMessageLong(Boolean async, DataRowLoadingMode dataRowLoadingMode, Boolean readingNotifications, Boolean isReadingPrependedMessage)
[2025-07-02T17:38:22.607Z] Executed 'Functions.auth' (Succeeded, Id=068aea13-fb22-4dfb-9431-8b9dedaa92b6, Duration=187ms)
[2025-07-02T17:38:22.608Z]    at System.Runtime.CompilerServices.PoolingAsyncValueTaskMethodBuilder`1.StateMachineBox`1.System.Threading.Tasks.Sources.IValueTaskSource<TResult>.GetResult(Int16 token)
[2025-07-02T17:38:22.608Z] Executed HTTP request: {
[2025-07-02T17:38:22.609Z]   "requestId": "8038e9c5-6673-47ea-ab53-ae4a9eb37bd5",
[2025-07-02T17:38:22.609Z]   "identities": "",
[2025-07-02T17:38:22.608Z]    at Npgsql.NpgsqlDataReader.NextResult(Boolean async, Boolean isConsuming, CancellationToken cancellationToken)
[2025-07-02T17:38:22.609Z]   "status": "200",
[2025-07-02T17:38:22.609Z]    at Npgsql.NpgsqlDataReader.NextResult(Boolean async, Boolean isConsuming, CancellationToken cancellationToken)
[2025-07-02T17:38:22.610Z]   "duration": "192"
[2025-07-02T17:38:22.610Z] }
[2025-07-02T17:38:22.610Z]    at Npgsql.NpgsqlCommand.ExecuteReader(Boolean async, CommandBehavior behavior, CancellationToken cancellationToken)
[2025-07-02T17:38:22.611Z]    at Npgsql.NpgsqlCommand.ExecuteReader(Boolean async, CommandBehavior behavior, CancellationToken cancellationToken)
[2025-07-02T17:38:22.611Z]    at Npgsql.NpgsqlCommand.ExecuteNonQuery(Boolean async, CancellationToken cancellationToken)
[2025-07-02T17:38:22.611Z]    at Dapper.SqlMapper.ExecuteImplAsync(IDbConnection cnn, CommandDefinition command, Object param) in /_/Dapper/SqlMapper.Async.cs:line 662
[2025-07-02T17:38:22.612Z]    at core.jarvis.data.PgTable`1.Insert(T entity) in /mnt/c/code/github/jarvis/core.jarvis.data/PgTable.cs:line 128
[2025-07-02T17:38:22.612Z]    at core.jarvis.data.PgTable`1.Upsert(T entity) in /mnt/c/code/github/jarvis/core.jarvis.data/PgTable.cs:line 339
[2025-07-02T17:38:22.612Z]    at core.jarvis.Data.DataContext.Commit[TComponent](TComponent component) in /mnt/c/code/github/jarvis/core.jarvis/Data/DataContext.cs:line 123
[2025-07-02T17:38:22.613Z]   Exception data:
[2025-07-02T17:38:22.613Z]     Severity: ERROR
[2025-07-02T17:38:22.613Z]     SqlState: 42501
[2025-07-02T17:38:22.613Z]     MessageText: permission denied for table security_audit_event_component
[2025-07-02T17:38:22.614Z]     File: aclchk.c
[2025-07-02T17:38:22.614Z]     Line: 2843
[2025-07-02T17:38:22.614Z]     Routine: aclcheck_error
[2025-07-02T17:38:22.614Z] [03:38:22 ERR] core.jarvis.api.Services.SecurityAuditService Failed to log authentication failure {"AzureFunctions_InvocationId": "068aea13-fb22-4dfb-9431-8b9dedaa92b6", "AzureFunctions_FunctionName": "auth", "ThreadId": 80, "MachineName": "MAIN-HOME-PC", "EnvironmentName": "Test"}
[2025-07-02T17:38:22.615Z] Npgsql.PostgresException (0x80004005): 42501: permission denied for table security_audit_event_component
[2025-07-02T17:38:22.615Z]    at core.jarvis.ErrorHandling.ErrorHandlingPolicy.LogAndRethrow(Exception exception, String message, Object context, String memberName, String sourceFilePath, Int32 sourceLineNumber) in /mnt/c/code/github/jarvis/core.jarvis/ErrorHandling/ErrorHandlingPolicy.cs:line 33
[2025-07-02T17:38:22.615Z]    at core.jarvis.Data.DataContext.Commit[TComponent](TComponent component) in /mnt/c/code/github/jarvis/core.jarvis/Data/DataContext.cs:line 157
[2025-07-02T17:38:22.615Z]    at core.jarvis.api.Services.SecurityAuditService.LogFailedAuthentication(String email, String ipAddress, String userAgent, String reason) in /mnt/c/code/github/jarvis/core.jarvis.api/Services/SecurityAuditService.cs:line 51
[2025-07-02T17:38:22.615Z]   Exception data:
[2025-07-02T17:38:22.616Z]     Severity: ERROR
[2025-07-02T17:38:22.616Z]     SqlState: 42501
[2025-07-02T17:38:22.616Z]     MessageText: permission denied for table security_audit_event_component
[2025-07-02T17:38:22.616Z]     File: aclchk.c
[2025-07-02T17:38:22.616Z]     Line: 2843
[2025-07-02T17:38:22.617Z]     Routine: aclcheck_error
[2025-07-02T17:38:23.416Z] Executing HTTP request: {
[2025-07-02T17:38:23.417Z]   "requestId": "948a70b7-f9f3-483b-ac27-6342e4609a50",
[2025-07-02T17:38:23.418Z]   "method": "POST",
[2025-07-02T17:38:23.418Z]   "userAgent": "Mozilla/5.0 (Windows NT 10.0; Win64; x64) AppleWebKit/537.36 (KHTML, like Gecko) Chrome/138.0.0.0 Safari/537.36",
[2025-07-02T17:38:23.419Z]   "uri": "/api/security/auth"
[2025-07-02T17:38:23.419Z] }
[2025-07-02T17:38:23.420Z] Executing 'Functions.auth' (Reason='This function was programmatically called via the host APIs.', Id=8f43e58f-0990-4243-8128-37e2e60f80ff)
[2025-07-02T17:38:23.608Z] [03:38:23 ERR]  Failed to save component SecurityAuditEvent for entity 00000000-0000-0000-0000-000000000000 {"Line": 157, "SourceFile": "/mnt/c/code/github/jarvis/core.jarvis/Data/DataContext.cs", "Method": "Commit", "ErrorContext": "{ ComponentType = SecurityAuditEvent, EntityId = 00000000-0000-0000-0000-000000000000, ComponentId = 13b0821c-5960-4841-ae0a-3bc722a858fd }", "AzureFunctions_InvocationId": "8f43e58f-0990-4243-8128-37e2e60f80ff", "AzureFunctions_FunctionName": "auth", "ThreadId": 76, "MachineName": "MAIN-HOME-PC", "EnvironmentName": "Test"}
[2025-07-02T17:38:23.608Z] Npgsql.PostgresException (0x80004005): 42501: permission denied for table security_audit_event_component
[2025-07-02T17:38:23.608Z] Executed 'Functions.auth' (Succeeded, Id=8f43e58f-0990-4243-8128-37e2e60f80ff, Duration=188ms)
[2025-07-02T17:38:23.609Z]    at Npgsql.Internal.NpgsqlConnector.ReadMessageLong(Boolean async, DataRowLoadingMode dataRowLoadingMode, Boolean readingNotifications, Boolean isReadingPrependedMessage)
[2025-07-02T17:38:23.609Z]    at System.Runtime.CompilerServices.PoolingAsyncValueTaskMethodBuilder`1.StateMachineBox`1.System.Threading.Tasks.Sources.IValueTaskSource<TResult>.GetResult(Int16 token)
[2025-07-02T17:38:23.609Z] Executed HTTP request: {
[2025-07-02T17:38:23.610Z]   "requestId": "948a70b7-f9f3-483b-ac27-6342e4609a50",
[2025-07-02T17:38:23.609Z]    at Npgsql.NpgsqlDataReader.NextResult(Boolean async, Boolean isConsuming, CancellationToken cancellationToken)
[2025-07-02T17:38:23.610Z]   "identities": "",
[2025-07-02T17:38:23.611Z]   "status": "200",
[2025-07-02T17:38:23.610Z]    at Npgsql.NpgsqlDataReader.NextResult(Boolean async, Boolean isConsuming, CancellationToken cancellationToken)
[2025-07-02T17:38:23.611Z]   "duration": "192"
[2025-07-02T17:38:23.612Z]    at Npgsql.NpgsqlCommand.ExecuteReader(Boolean async, CommandBehavior behavior, CancellationToken cancellationToken)
[2025-07-02T17:38:23.612Z] }
[2025-07-02T17:38:23.613Z]    at Npgsql.NpgsqlCommand.ExecuteReader(Boolean async, CommandBehavior behavior, CancellationToken cancellationToken)
[2025-07-02T17:38:23.613Z]    at Npgsql.NpgsqlCommand.ExecuteNonQuery(Boolean async, CancellationToken cancellationToken)
[2025-07-02T17:38:23.614Z]    at Dapper.SqlMapper.ExecuteImplAsync(IDbConnection cnn, CommandDefinition command, Object param) in /_/Dapper/SqlMapper.Async.cs:line 662
[2025-07-02T17:38:23.614Z]    at core.jarvis.data.PgTable`1.Insert(T entity) in /mnt/c/code/github/jarvis/core.jarvis.data/PgTable.cs:line 128
[2025-07-02T17:38:23.614Z]    at core.jarvis.data.PgTable`1.Upsert(T entity) in /mnt/c/code/github/jarvis/core.jarvis.data/PgTable.cs:line 339
[2025-07-02T17:38:23.614Z]    at core.jarvis.Data.DataContext.Commit[TComponent](TComponent component) in /mnt/c/code/github/jarvis/core.jarvis/Data/DataContext.cs:line 123
[2025-07-02T17:38:23.615Z]   Exception data:
[2025-07-02T17:38:23.615Z]     Severity: ERROR
[2025-07-02T17:38:23.615Z]     SqlState: 42501
[2025-07-02T17:38:23.615Z]     MessageText: permission denied for table security_audit_event_component
[2025-07-02T17:38:23.616Z]     File: aclchk.c
[2025-07-02T17:38:23.616Z]     Line: 2843
[2025-07-02T17:38:23.616Z]     Routine: aclcheck_error
[2025-07-02T17:38:23.616Z] [03:38:23 ERR] core.jarvis.api.Services.SecurityAuditService Failed to log authentication failure {"AzureFunctions_InvocationId": "8f43e58f-0990-4243-8128-37e2e60f80ff", "AzureFunctions_FunctionName": "auth", "ThreadId": 76, "MachineName": "MAIN-HOME-PC", "EnvironmentName": "Test"}
[2025-07-02T17:38:23.616Z] Npgsql.PostgresException (0x80004005): 42501: permission denied for table security_audit_event_component
[2025-07-02T17:38:23.616Z]    at core.jarvis.ErrorHandling.ErrorHandlingPolicy.LogAndRethrow(Exception exception, String message, Object context, String memberName, String sourceFilePath, Int32 sourceLineNumber) in /mnt/c/code/github/jarvis/core.jarvis/ErrorHandling/ErrorHandlingPolicy.cs:line 33
[2025-07-02T17:38:23.617Z]    at core.jarvis.Data.DataContext.Commit[TComponent](TComponent component) in /mnt/c/code/github/jarvis/core.jarvis/Data/DataContext.cs:line 157
[2025-07-02T17:38:23.617Z]    at core.jarvis.api.Services.SecurityAuditService.LogFailedAuthentication(String email, String ipAddress, String userAgent, String reason) in /mnt/c/code/github/jarvis/core.jarvis.api/Services/SecurityAuditService.cs:line 51
[2025-07-02T17:38:23.618Z]   Exception data:
[2025-07-02T17:38:23.618Z]     Severity: ERROR
[2025-07-02T17:38:23.618Z]     SqlState: 42501
[2025-07-02T17:38:23.618Z]     MessageText: permission denied for table security_audit_event_component
[2025-07-02T17:38:23.618Z]     File: aclchk.c
[2025-07-02T17:38:23.618Z]     Line: 2843
[2025-07-02T17:38:23.619Z]     Routine: aclcheck_error
[2025-07-02T17:38:41.194Z] Executing HTTP request: {
[2025-07-02T17:38:41.195Z]   "requestId": "d57d1e9f-548e-438c-94ca-e7887c87833e",
[2025-07-02T17:38:41.195Z]   "method": "POST",
[2025-07-02T17:38:41.195Z]   "userAgent": "Mozilla/5.0 (Windows NT 10.0; Win64; x64) AppleWebKit/537.36 (KHTML, like Gecko) Chrome/138.0.0.0 Safari/537.36",
[2025-07-02T17:38:41.196Z]   "uri": "/api/security/auth"
[2025-07-02T17:38:41.196Z] }
[2025-07-02T17:38:41.197Z] Executing 'Functions.auth' (Reason='This function was programmatically called via the host APIs.', Id=6a11fcda-0e46-4454-a38b-a21fbc8a5251)
[2025-07-02T17:38:41.388Z] [03:38:41 ERR]  Failed to save component SecurityAuditEvent for entity 00000000-0000-0000-0000-000000000000 {"Line": 157, "SourceFile": "/mnt/c/code/github/jarvis/core.jarvis/Data/DataContext.cs", "Method": "Commit", "ErrorContext": "{ ComponentType = SecurityAuditEvent, EntityId = 00000000-0000-0000-0000-000000000000, ComponentId = 9cf83317-e297-471c-ae79-d4f6f6a81f79 }", "AzureFunctions_InvocationId": "6a11fcda-0e46-4454-a38b-a21fbc8a5251", "AzureFunctions_FunctionName": "auth", "ThreadId": 79, "MachineName": "MAIN-HOME-PC", "EnvironmentName": "Test"}
[2025-07-02T17:38:41.389Z] Npgsql.PostgresException (0x80004005): 42501: permission denied for table security_audit_event_component
[2025-07-02T17:38:41.389Z] Executed 'Functions.auth' (Succeeded, Id=6a11fcda-0e46-4454-a38b-a21fbc8a5251, Duration=192ms)
[2025-07-02T17:38:41.389Z]    at Npgsql.Internal.NpgsqlConnector.ReadMessageLong(Boolean async, DataRowLoadingMode dataRowLoadingMode, Boolean readingNotifications, Boolean isReadingPrependedMessage)
[2025-07-02T17:38:41.390Z] Executed HTTP request: {
[2025-07-02T17:38:41.390Z]   "requestId": "d57d1e9f-548e-438c-94ca-e7887c87833e",
[2025-07-02T17:38:41.391Z]   "identities": "",
[2025-07-02T17:38:41.391Z]   "status": "200",
[2025-07-02T17:38:41.391Z]   "duration": "195"
[2025-07-02T17:38:41.390Z]    at System.Runtime.CompilerServices.PoolingAsyncValueTaskMethodBuilder`1.StateMachineBox`1.System.Threading.Tasks.Sources.IValueTaskSource<TResult>.GetResult(Int16 token)
[2025-07-02T17:38:41.391Z] }
[2025-07-02T17:38:41.392Z]    at Npgsql.NpgsqlDataReader.NextResult(Boolean async, Boolean isConsuming, CancellationToken cancellationToken)
[2025-07-02T17:38:41.392Z]    at Npgsql.NpgsqlDataReader.NextResult(Boolean async, Boolean isConsuming, CancellationToken cancellationToken)
[2025-07-02T17:38:41.393Z]    at Npgsql.NpgsqlCommand.ExecuteReader(Boolean async, CommandBehavior behavior, CancellationToken cancellationToken)
[2025-07-02T17:38:41.393Z]    at Npgsql.NpgsqlCommand.ExecuteReader(Boolean async, CommandBehavior behavior, CancellationToken cancellationToken)
[2025-07-02T17:38:41.393Z]    at Npgsql.NpgsqlCommand.ExecuteNonQuery(Boolean async, CancellationToken cancellationToken)
[2025-07-02T17:38:41.393Z]    at Dapper.SqlMapper.ExecuteImplAsync(IDbConnection cnn, CommandDefinition command, Object param) in /_/Dapper/SqlMapper.Async.cs:line 662
[2025-07-02T17:38:41.394Z]    at core.jarvis.data.PgTable`1.Insert(T entity) in /mnt/c/code/github/jarvis/core.jarvis.data/PgTable.cs:line 128
[2025-07-02T17:38:41.394Z]    at core.jarvis.data.PgTable`1.Upsert(T entity) in /mnt/c/code/github/jarvis/core.jarvis.data/PgTable.cs:line 339
[2025-07-02T17:38:41.394Z]    at core.jarvis.Data.DataContext.Commit[TComponent](TComponent component) in /mnt/c/code/github/jarvis/core.jarvis/Data/DataContext.cs:line 123
[2025-07-02T17:38:41.394Z]   Exception data:
[2025-07-02T17:38:41.395Z]     Severity: ERROR
[2025-07-02T17:38:41.395Z]     SqlState: 42501
[2025-07-02T17:38:41.395Z]     MessageText: permission denied for table security_audit_event_component
[2025-07-02T17:38:41.395Z]     File: aclchk.c
[2025-07-02T17:38:41.395Z]     Line: 2843
[2025-07-02T17:38:41.396Z]     Routine: aclcheck_error
[2025-07-02T17:38:41.396Z] [03:38:41 ERR] core.jarvis.api.Services.SecurityAuditService Failed to log authentication failure {"AzureFunctions_InvocationId": "6a11fcda-0e46-4454-a38b-a21fbc8a5251", "AzureFunctions_FunctionName": "auth", "ThreadId": 79, "MachineName": "MAIN-HOME-PC", "EnvironmentName": "Test"}
[2025-07-02T17:38:41.396Z] Npgsql.PostgresException (0x80004005): 42501: permission denied for table security_audit_event_component
[2025-07-02T17:38:41.396Z]    at core.jarvis.ErrorHandling.ErrorHandlingPolicy.LogAndRethrow(Exception exception, String message, Object context, String memberName, String sourceFilePath, Int32 sourceLineNumber) in /mnt/c/code/github/jarvis/core.jarvis/ErrorHandling/ErrorHandlingPolicy.cs:line 33
[2025-07-02T17:38:41.396Z]    at core.jarvis.Data.DataContext.Commit[TComponent](TComponent component) in /mnt/c/code/github/jarvis/core.jarvis/Data/DataContext.cs:line 157
[2025-07-02T17:38:41.397Z]    at core.jarvis.api.Services.SecurityAuditService.LogFailedAuthentication(String email, String ipAddress, String userAgent, String reason) in /mnt/c/code/github/jarvis/core.jarvis.api/Services/SecurityAuditService.cs:line 51
[2025-07-02T17:38:41.397Z]   Exception data:
[2025-07-02T17:38:41.397Z]     Severity: ERROR
[2025-07-02T17:38:41.397Z]     SqlState: 42501
[2025-07-02T17:38:41.397Z]     MessageText: permission denied for table security_audit_event_component
[2025-07-02T17:38:41.397Z]     File: aclchk.c
[2025-07-02T17:38:41.398Z]     Line: 2843
[2025-07-02T17:38:41.398Z]     Routine: aclcheck_error
[2025-07-02T17:40:27.734Z] Executing HTTP request: {
[2025-07-02T17:40:27.735Z]   "requestId": "14df5ed6-6e8d-481c-bff6-6e01ce3a5096",
[2025-07-02T17:40:27.735Z]   "method": "POST",
[2025-07-02T17:40:27.735Z]   "userAgent": "Mozilla/5.0 (Windows NT 10.0; Win64; x64) AppleWebKit/537.36 (KHTML, like Gecko) Chrome/138.0.0.0 Safari/537.36",
[2025-07-02T17:40:27.735Z]   "uri": "/api/security/auth"
[2025-07-02T17:40:27.735Z] }
[2025-07-02T17:40:27.736Z] Executing 'Functions.auth' (Reason='This function was programmatically called via the host APIs.', Id=da5a2c2c-1e01-4a05-a156-8c6338c6c093)
[2025-07-02T17:40:27.921Z] [03:40:27 ERR]  Failed to save component AuthToken for entity 11111111-1111-1111-1111-111111111111 {"Line": 157, "SourceFile": "/mnt/c/code/github/jarvis/core.jarvis/Data/DataContext.cs", "Method": "Commit", "ErrorContext": "{ ComponentType = AuthToken, EntityId = 11111111-1111-1111-1111-111111111111, ComponentId = e6e274f0-e141-4127-aa89-b803147e88cf }", "AzureFunctions_InvocationId": "da5a2c2c-1e01-4a05-a156-8c6338c6c093", "AzureFunctions_FunctionName": "auth", "ThreadId": 78, "MachineName": "MAIN-HOME-PC", "EnvironmentName": "Test"}
[2025-07-02T17:40:27.922Z] Executed 'Functions.auth' (Succeeded, Id=da5a2c2c-1e01-4a05-a156-8c6338c6c093, Duration=185ms)
[2025-07-02T17:40:27.922Z] Npgsql.PostgresException (0x80004005): 42501: permission denied for table auth_token_component
[2025-07-02T17:40:27.923Z] Executed HTTP request: {
[2025-07-02T17:40:27.923Z]   "requestId": "14df5ed6-6e8d-481c-bff6-6e01ce3a5096",
[2025-07-02T17:40:27.923Z]   "identities": "",
[2025-07-02T17:40:27.923Z]   "status": "200",
[2025-07-02T17:40:27.924Z]   "duration": "188"
[2025-07-02T17:40:27.924Z] }
[2025-07-02T17:40:27.923Z]    at Npgsql.Internal.NpgsqlConnector.ReadMessageLong(Boolean async, DataRowLoadingMode dataRowLoadingMode, Boolean readingNotifications, Boolean isReadingPrependedMessage)
[2025-07-02T17:40:27.924Z]    at System.Runtime.CompilerServices.PoolingAsyncValueTaskMethodBuilder`1.StateMachineBox`1.System.Threading.Tasks.Sources.IValueTaskSource<TResult>.GetResult(Int16 token)
[2025-07-02T17:40:27.925Z]    at Npgsql.NpgsqlDataReader.NextResult(Boolean async, Boolean isConsuming, CancellationToken cancellationToken)
[2025-07-02T17:40:27.925Z]    at Npgsql.NpgsqlDataReader.NextResult(Boolean async, Boolean isConsuming, CancellationToken cancellationToken)
[2025-07-02T17:40:27.925Z]    at Npgsql.NpgsqlCommand.ExecuteReader(Boolean async, CommandBehavior behavior, CancellationToken cancellationToken)
[2025-07-02T17:40:27.925Z]    at Npgsql.NpgsqlCommand.ExecuteReader(Boolean async, CommandBehavior behavior, CancellationToken cancellationToken)
[2025-07-02T17:40:27.925Z]    at Npgsql.NpgsqlCommand.ExecuteNonQuery(Boolean async, CancellationToken cancellationToken)
[2025-07-02T17:40:27.926Z]    at Dapper.SqlMapper.ExecuteImplAsync(IDbConnection cnn, CommandDefinition command, Object param) in /_/Dapper/SqlMapper.Async.cs:line 662
[2025-07-02T17:40:27.926Z]    at core.jarvis.data.PgTable`1.Insert(T entity) in /mnt/c/code/github/jarvis/core.jarvis.data/PgTable.cs:line 128
[2025-07-02T17:40:27.926Z]    at core.jarvis.data.PgTable`1.Upsert(T entity) in /mnt/c/code/github/jarvis/core.jarvis.data/PgTable.cs:line 339
[2025-07-02T17:40:27.926Z]    at core.jarvis.Data.DataContext.Commit[TComponent](TComponent component) in /mnt/c/code/github/jarvis/core.jarvis/Data/DataContext.cs:line 123
[2025-07-02T17:40:27.927Z]   Exception data:
[2025-07-02T17:40:27.927Z]     Severity: ERROR
[2025-07-02T17:40:27.927Z]     SqlState: 42501
[2025-07-02T17:40:27.927Z]     MessageText: permission denied for table auth_token_component
[2025-07-02T17:40:27.927Z]     File: aclchk.c
[2025-07-02T17:40:27.927Z]     Line: 2843
[2025-07-02T17:40:27.928Z]     Routine: aclcheck_error
[2025-07-02T17:40:27.928Z] [03:40:27 ERR] core.jarvis.api.Handlers.AuthHandler Error during authentication for email: test@example.com {"AzureFunctions_InvocationId": "da5a2c2c-1e01-4a05-a156-8c6338c6c093", "AzureFunctions_FunctionName": "auth", "ThreadId": 78, "MachineName": "MAIN-HOME-PC", "EnvironmentName": "Test"}
[2025-07-02T17:40:27.928Z] Npgsql.PostgresException (0x80004005): 42501: permission denied for table auth_token_component
[2025-07-02T17:40:27.928Z]    at core.jarvis.ErrorHandling.ErrorHandlingPolicy.LogAndRethrow(Exception exception, String message, Object context, String memberName, String sourceFilePath, Int32 sourceLineNumber) in /mnt/c/code/github/jarvis/core.jarvis/ErrorHandling/ErrorHandlingPolicy.cs:line 33
[2025-07-02T17:40:27.929Z]    at core.jarvis.Data.DataContext.Commit[TComponent](TComponent component) in /mnt/c/code/github/jarvis/core.jarvis/Data/DataContext.cs:line 157
[2025-07-02T17:40:27.929Z]    at core.jarvis.api.Handlers.AuthHandler.AuthenticateInternal(Account accountCredentials) in /mnt/c/code/github/jarvis/core.jarvis.api/Handlers/AuthHandler.cs:line 169
[2025-07-02T17:40:27.929Z]   Exception data:
[2025-07-02T17:40:27.929Z]     Severity: ERROR
[2025-07-02T17:40:27.930Z]     SqlState: 42501
[2025-07-02T17:40:27.930Z]     MessageText: permission denied for table auth_token_component
[2025-07-02T17:40:27.930Z]     File: aclchk.c
[2025-07-02T17:40:27.930Z]     Line: 2843
[2025-07-02T17:40:27.930Z]     Routine: aclcheck_error
[2025-07-02T17:40:46.675Z] Executing HTTP request: {
[2025-07-02T17:40:46.676Z]   "requestId": "b4d871e3-44e0-487c-aa20-19493aa2fb19",
[2025-07-02T17:40:46.676Z]   "method": "POST",
[2025-07-02T17:40:46.676Z]   "userAgent": "Mozilla/5.0 (Windows NT 10.0; Win64; x64) AppleWebKit/537.36 (KHTML, like Gecko) Chrome/138.0.0.0 Safari/537.36",
[2025-07-02T17:40:46.676Z]   "uri": "/api/security/auth"
[2025-07-02T17:40:46.677Z] }
[2025-07-02T17:40:46.678Z] Executing 'Functions.auth' (Reason='This function was programmatically called via the host APIs.', Id=fb349ce1-04eb-44a7-aad7-efbf50391077)
[2025-07-02T17:40:46.862Z] [03:40:46 ERR]  Failed to save component AuthToken for entity 11111111-1111-1111-1111-111111111111 {"Line": 157, "SourceFile": "/mnt/c/code/github/jarvis/core.jarvis/Data/DataContext.cs", "Method": "Commit", "ErrorContext": "{ ComponentType = AuthToken, EntityId = 11111111-1111-1111-1111-111111111111, ComponentId = 756b9aaa-6a0b-495b-8b10-0e9366040ff7 }", "AzureFunctions_InvocationId": "fb349ce1-04eb-44a7-aad7-efbf50391077", "AzureFunctions_FunctionName": "auth", "ThreadId": 80, "MachineName": "MAIN-HOME-PC", "EnvironmentName": "Test"}
[2025-07-02T17:40:46.863Z] Npgsql.PostgresException (0x80004005): 42501: permission denied for table auth_token_component
[2025-07-02T17:40:46.863Z]    at Npgsql.Internal.NpgsqlConnector.ReadMessageLong(Boolean async, DataRowLoadingMode dataRowLoadingMode, Boolean readingNotifications, Boolean isReadingPrependedMessage)
[2025-07-02T17:40:46.863Z]    at System.Runtime.CompilerServices.PoolingAsyncValueTaskMethodBuilder`1.StateMachineBox`1.System.Threading.Tasks.Sources.IValueTaskSource<TResult>.GetResult(Int16 token)
[2025-07-02T17:40:46.863Z] Executed 'Functions.auth' (Succeeded, Id=fb349ce1-04eb-44a7-aad7-efbf50391077, Duration=185ms)
[2025-07-02T17:40:46.864Z]    at Npgsql.NpgsqlDataReader.NextResult(Boolean async, Boolean isConsuming, CancellationToken cancellationToken)
[2025-07-02T17:40:46.864Z] Executed HTTP request: {
[2025-07-02T17:40:46.865Z]   "requestId": "b4d871e3-44e0-487c-aa20-19493aa2fb19",
[2025-07-02T17:40:46.864Z]    at Npgsql.NpgsqlDataReader.NextResult(Boolean async, Boolean isConsuming, CancellationToken cancellationToken)
[2025-07-02T17:40:46.865Z]   "identities": "",
[2025-07-02T17:40:46.865Z]   "status": "200",
[2025-07-02T17:40:46.866Z]   "duration": "189"
[2025-07-02T17:40:46.866Z] }
[2025-07-02T17:40:46.865Z]    at Npgsql.NpgsqlCommand.ExecuteReader(Boolean async, CommandBehavior behavior, CancellationToken cancellationToken)
[2025-07-02T17:40:46.866Z]    at Npgsql.NpgsqlCommand.ExecuteReader(Boolean async, CommandBehavior behavior, CancellationToken cancellationToken)
[2025-07-02T17:40:46.866Z]    at Npgsql.NpgsqlCommand.ExecuteNonQuery(Boolean async, CancellationToken cancellationToken)
[2025-07-02T17:40:46.867Z]    at Dapper.SqlMapper.ExecuteImplAsync(IDbConnection cnn, CommandDefinition command, Object param) in /_/Dapper/SqlMapper.Async.cs:line 662
[2025-07-02T17:40:46.867Z]    at core.jarvis.data.PgTable`1.Insert(T entity) in /mnt/c/code/github/jarvis/core.jarvis.data/PgTable.cs:line 128
[2025-07-02T17:40:46.867Z]    at core.jarvis.data.PgTable`1.Upsert(T entity) in /mnt/c/code/github/jarvis/core.jarvis.data/PgTable.cs:line 339
[2025-07-02T17:40:46.867Z]    at core.jarvis.Data.DataContext.Commit[TComponent](TComponent component) in /mnt/c/code/github/jarvis/core.jarvis/Data/DataContext.cs:line 123
[2025-07-02T17:40:46.868Z]   Exception data:
[2025-07-02T17:40:46.868Z]     Severity: ERROR
[2025-07-02T17:40:46.868Z]     SqlState: 42501
[2025-07-02T17:40:46.869Z]     MessageText: permission denied for table auth_token_component
[2025-07-02T17:40:46.869Z]     File: aclchk.c
[2025-07-02T17:40:46.870Z]     Line: 2843
[2025-07-02T17:40:46.870Z]     Routine: aclcheck_error
[2025-07-02T17:40:46.870Z] [03:40:46 ERR] core.jarvis.api.Handlers.AuthHandler Error during authentication for email: test@example.com {"AzureFunctions_InvocationId": "fb349ce1-04eb-44a7-aad7-efbf50391077", "AzureFunctions_FunctionName": "auth", "ThreadId": 80, "MachineName": "MAIN-HOME-PC", "EnvironmentName": "Test"}
[2025-07-02T17:40:46.870Z] Npgsql.PostgresException (0x80004005): 42501: permission denied for table auth_token_component
[2025-07-02T17:40:46.871Z]    at core.jarvis.ErrorHandling.ErrorHandlingPolicy.LogAndRethrow(Exception exception, String message, Object context, String memberName, String sourceFilePath, Int32 sourceLineNumber) in /mnt/c/code/github/jarvis/core.jarvis/ErrorHandling/ErrorHandlingPolicy.cs:line 33
[2025-07-02T17:40:46.871Z]    at core.jarvis.Data.DataContext.Commit[TComponent](TComponent component) in /mnt/c/code/github/jarvis/core.jarvis/Data/DataContext.cs:line 157
[2025-07-02T17:40:46.871Z]    at core.jarvis.api.Handlers.AuthHandler.AuthenticateInternal(Account accountCredentials) in /mnt/c/code/github/jarvis/core.jarvis.api/Handlers/AuthHandler.cs:line 169
[2025-07-02T17:40:46.872Z]   Exception data:
[2025-07-02T17:40:46.872Z]     Severity: ERROR
[2025-07-02T17:40:46.872Z]     SqlState: 42501
[2025-07-02T17:40:46.872Z]     MessageText: permission denied for table auth_token_component
[2025-07-02T17:40:46.873Z]     File: aclchk.c
[2025-07-02T17:40:46.873Z]     Line: 2843
[2025-07-02T17:40:46.873Z]     Routine: aclcheck_error
[2025-07-02T17:41:42.930Z] Executing HTTP request: {
[2025-07-02T17:41:42.931Z]   "requestId": "c8cc3b67-0327-45be-8141-801b810c3d26",
[2025-07-02T17:41:42.932Z]   "method": "POST",
[2025-07-02T17:41:42.932Z]   "userAgent": "Mozilla/5.0 (Windows NT 10.0; Win64; x64) AppleWebKit/537.36 (KHTML, like Gecko) Chrome/138.0.0.0 Safari/537.36",
[2025-07-02T17:41:42.933Z]   "uri": "/api/security/auth"
[2025-07-02T17:41:42.933Z] }
[2025-07-02T17:41:42.935Z] Executing 'Functions.auth' (Reason='This function was programmatically called via the host APIs.', Id=b78d5af4-0e12-4cc0-918d-c837a4c610d5)
[2025-07-02T17:41:43.129Z] [03:41:43 ERR]  Failed to save component AuthToken for entity 11111111-1111-1111-1111-111111111111 {"Line": 157, "SourceFile": "/mnt/c/code/github/jarvis/core.jarvis/Data/DataContext.cs", "Method": "Commit", "ErrorContext": "{ ComponentType = AuthToken, EntityId = 11111111-1111-1111-1111-111111111111, ComponentId = 4652ed0a-9368-407d-b268-22434cc32877 }", "AzureFunctions_InvocationId": "b78d5af4-0e12-4cc0-918d-c837a4c610d5", "AzureFunctions_FunctionName": "auth", "ThreadId": 77, "MachineName": "MAIN-HOME-PC", "EnvironmentName": "Test"}
[2025-07-02T17:41:43.130Z] Npgsql.PostgresException (0x80004005): 42501: permission denied for table auth_token_component
[2025-07-02T17:41:43.130Z] Executed 'Functions.auth' (Succeeded, Id=b78d5af4-0e12-4cc0-918d-c837a4c610d5, Duration=195ms)
[2025-07-02T17:41:43.130Z]    at Npgsql.Internal.NpgsqlConnector.ReadMessageLong(Boolean async, DataRowLoadingMode dataRowLoadingMode, Boolean readingNotifications, Boolean isReadingPrependedMessage)
[2025-07-02T17:41:43.130Z]    at System.Runtime.CompilerServices.PoolingAsyncValueTaskMethodBuilder`1.StateMachineBox`1.System.Threading.Tasks.Sources.IValueTaskSource<TResult>.GetResult(Int16 token)
[2025-07-02T17:41:43.130Z] Executed HTTP request: {
[2025-07-02T17:41:43.131Z]   "requestId": "c8cc3b67-0327-45be-8141-801b810c3d26",
[2025-07-02T17:41:43.131Z]   "identities": "",
[2025-07-02T17:41:43.132Z]   "status": "200",
[2025-07-02T17:41:43.131Z]    at Npgsql.NpgsqlDataReader.NextResult(Boolean async, Boolean isConsuming, CancellationToken cancellationToken)
[2025-07-02T17:41:43.132Z]   "duration": "200"
[2025-07-02T17:41:43.132Z]    at Npgsql.NpgsqlDataReader.NextResult(Boolean async, Boolean isConsuming, CancellationToken cancellationToken)
[2025-07-02T17:41:43.132Z] }
[2025-07-02T17:41:43.133Z]    at Npgsql.NpgsqlCommand.ExecuteReader(Boolean async, CommandBehavior behavior, CancellationToken cancellationToken)
[2025-07-02T17:41:43.133Z]    at Npgsql.NpgsqlCommand.ExecuteReader(Boolean async, CommandBehavior behavior, CancellationToken cancellationToken)
[2025-07-02T17:41:43.134Z]    at Npgsql.NpgsqlCommand.ExecuteNonQuery(Boolean async, CancellationToken cancellationToken)
[2025-07-02T17:41:43.134Z]    at Dapper.SqlMapper.ExecuteImplAsync(IDbConnection cnn, CommandDefinition command, Object param) in /_/Dapper/SqlMapper.Async.cs:line 662
[2025-07-02T17:41:43.134Z]    at core.jarvis.data.PgTable`1.Insert(T entity) in /mnt/c/code/github/jarvis/core.jarvis.data/PgTable.cs:line 128
[2025-07-02T17:41:43.135Z]    at core.jarvis.data.PgTable`1.Upsert(T entity) in /mnt/c/code/github/jarvis/core.jarvis.data/PgTable.cs:line 339
[2025-07-02T17:41:43.135Z]    at core.jarvis.Data.DataContext.Commit[TComponent](TComponent component) in /mnt/c/code/github/jarvis/core.jarvis/Data/DataContext.cs:line 123
[2025-07-02T17:41:43.135Z]   Exception data:
[2025-07-02T17:41:43.135Z]     Severity: ERROR
[2025-07-02T17:41:43.136Z]     SqlState: 42501
[2025-07-02T17:41:43.136Z]     MessageText: permission denied for table auth_token_component
[2025-07-02T17:41:43.136Z]     File: aclchk.c
[2025-07-02T17:41:43.136Z]     Line: 2843
[2025-07-02T17:41:43.137Z]     Routine: aclcheck_error
[2025-07-02T17:41:43.137Z] [03:41:43 ERR] core.jarvis.api.Handlers.AuthHandler Error during authentication for email: test@example.com {"AzureFunctions_InvocationId": "b78d5af4-0e12-4cc0-918d-c837a4c610d5", "AzureFunctions_FunctionName": "auth", "ThreadId": 77, "MachineName": "MAIN-HOME-PC", "EnvironmentName": "Test"}
[2025-07-02T17:41:43.138Z] Npgsql.PostgresException (0x80004005): 42501: permission denied for table auth_token_component
[2025-07-02T17:41:43.138Z]    at core.jarvis.ErrorHandling.ErrorHandlingPolicy.LogAndRethrow(Exception exception, String message, Object context, String memberName, String sourceFilePath, Int32 sourceLineNumber) in /mnt/c/code/github/jarvis/core.jarvis/ErrorHandling/ErrorHandlingPolicy.cs:line 33
[2025-07-02T17:41:43.138Z]    at core.jarvis.Data.DataContext.Commit[TComponent](TComponent component) in /mnt/c/code/github/jarvis/core.jarvis/Data/DataContext.cs:line 157
[2025-07-02T17:41:43.138Z]    at core.jarvis.api.Handlers.AuthHandler.AuthenticateInternal(Account accountCredentials) in /mnt/c/code/github/jarvis/core.jarvis.api/Handlers/AuthHandler.cs:line 169
[2025-07-02T17:41:43.139Z]   Exception data:
[2025-07-02T17:41:43.139Z]     Severity: ERROR
[2025-07-02T17:41:43.139Z]     SqlState: 42501
[2025-07-02T17:41:43.139Z]     MessageText: permission denied for table auth_token_component
[2025-07-02T17:41:43.140Z]     File: aclchk.c
[2025-07-02T17:41:43.140Z]     Line: 2843
[2025-07-02T17:41:43.140Z]     Routine: aclcheck_error
[2025-07-02T17:42:03.348Z] Unable to get table reference or create table. Aborting write operation.
[2025-07-02T17:42:03.349Z] Azure.Core: Connection refused (127.0.0.1:10002). System.Net.Http: Connection refused (127.0.0.1:10002). System.Net.Sockets: Connection refused.
[2025-07-02T17:42:56.124Z] Executing HTTP request: {
[2025-07-02T17:42:56.124Z]   "requestId": "7b6a107a-a539-48d3-bb27-f1d4a5d9158d",
[2025-07-02T17:42:56.124Z]   "method": "POST",
[2025-07-02T17:42:56.125Z]   "userAgent": "Mozilla/5.0 (Windows NT 10.0; Win64; x64) AppleWebKit/537.36 (KHTML, like Gecko) Chrome/138.0.0.0 Safari/537.36",
[2025-07-02T17:42:56.125Z]   "uri": "/api/security/auth"
[2025-07-02T17:42:56.125Z] }
[2025-07-02T17:42:56.126Z] Executing 'Functions.auth' (Reason='This function was programmatically called via the host APIs.', Id=e1bfe0bc-4360-4d40-aae4-953a7bbfcf57)
[2025-07-02T17:42:56.314Z] [03:42:56 ERR]  Failed to save component SecurityAuditEvent for entity 00000000-0000-0000-0000-000000000000 {"Line": 157, "SourceFile": "/mnt/c/code/github/jarvis/core.jarvis/Data/DataContext.cs", "Method": "Commit", "ErrorContext": "{ ComponentType = SecurityAuditEvent, EntityId = 00000000-0000-0000-0000-000000000000, ComponentId = 0e72a33f-7740-491f-97a5-56197cef6e17 }", "AzureFunctions_InvocationId": "e1bfe0bc-4360-4d40-aae4-953a7bbfcf57", "AzureFunctions_FunctionName": "auth", "ThreadId": 77, "MachineName": "MAIN-HOME-PC", "EnvironmentName": "Test"}
[2025-07-02T17:42:56.315Z] Npgsql.PostgresException (0x80004005): 42501: permission denied for table security_audit_event_component
[2025-07-02T17:42:56.315Z]    at Npgsql.Internal.NpgsqlConnector.ReadMessageLong(Boolean async, DataRowLoadingMode dataRowLoadingMode, Boolean readingNotifications, Boolean isReadingPrependedMessage)
[2025-07-02T17:42:56.315Z] Executed 'Functions.auth' (Succeeded, Id=e1bfe0bc-4360-4d40-aae4-953a7bbfcf57, Duration=189ms)
[2025-07-02T17:42:56.315Z]    at System.Runtime.CompilerServices.PoolingAsyncValueTaskMethodBuilder`1.StateMachineBox`1.System.Threading.Tasks.Sources.IValueTaskSource<TResult>.GetResult(Int16 token)
[2025-07-02T17:42:56.316Z] Executed HTTP request: {
[2025-07-02T17:42:56.316Z]   "requestId": "7b6a107a-a539-48d3-bb27-f1d4a5d9158d",
[2025-07-02T17:42:56.316Z]    at Npgsql.NpgsqlDataReader.NextResult(Boolean async, Boolean isConsuming, CancellationToken cancellationToken)
[2025-07-02T17:42:56.317Z]   "identities": "",
[2025-07-02T17:42:56.317Z]    at Npgsql.NpgsqlDataReader.NextResult(Boolean async, Boolean isConsuming, CancellationToken cancellationToken)
[2025-07-02T17:42:56.317Z]   "status": "200",
[2025-07-02T17:42:56.318Z]   "duration": "192"
[2025-07-02T17:42:56.317Z]    at Npgsql.NpgsqlCommand.ExecuteReader(Boolean async, CommandBehavior behavior, CancellationToken cancellationToken)
[2025-07-02T17:42:56.318Z] }
[2025-07-02T17:42:56.318Z]    at Npgsql.NpgsqlCommand.ExecuteReader(Boolean async, CommandBehavior behavior, CancellationToken cancellationToken)
[2025-07-02T17:42:56.318Z]    at Npgsql.NpgsqlCommand.ExecuteNonQuery(Boolean async, CancellationToken cancellationToken)
[2025-07-02T17:42:56.319Z]    at Dapper.SqlMapper.ExecuteImplAsync(IDbConnection cnn, CommandDefinition command, Object param) in /_/Dapper/SqlMapper.Async.cs:line 662
[2025-07-02T17:42:56.319Z]    at core.jarvis.data.PgTable`1.Insert(T entity) in /mnt/c/code/github/jarvis/core.jarvis.data/PgTable.cs:line 128
[2025-07-02T17:42:56.319Z]    at core.jarvis.data.PgTable`1.Upsert(T entity) in /mnt/c/code/github/jarvis/core.jarvis.data/PgTable.cs:line 339
[2025-07-02T17:42:56.319Z]    at core.jarvis.Data.DataContext.Commit[TComponent](TComponent component) in /mnt/c/code/github/jarvis/core.jarvis/Data/DataContext.cs:line 123
[2025-07-02T17:42:56.319Z]   Exception data:
[2025-07-02T17:42:56.320Z]     Severity: ERROR
[2025-07-02T17:42:56.320Z]     SqlState: 42501
[2025-07-02T17:42:56.320Z]     MessageText: permission denied for table security_audit_event_component
[2025-07-02T17:42:56.320Z]     File: aclchk.c
[2025-07-02T17:42:56.320Z]     Line: 2843
[2025-07-02T17:42:56.321Z]     Routine: aclcheck_error
[2025-07-02T17:42:56.321Z] [03:42:56 ERR] core.jarvis.api.Services.SecurityAuditService Failed to log authentication failure {"AzureFunctions_InvocationId": "e1bfe0bc-4360-4d40-aae4-953a7bbfcf57", "AzureFunctions_FunctionName": "auth", "ThreadId": 77, "MachineName": "MAIN-HOME-PC", "EnvironmentName": "Test"}
[2025-07-02T17:42:56.321Z] Npgsql.PostgresException (0x80004005): 42501: permission denied for table security_audit_event_component
[2025-07-02T17:42:56.321Z]    at core.jarvis.ErrorHandling.ErrorHandlingPolicy.LogAndRethrow(Exception exception, String message, Object context, String memberName, String sourceFilePath, Int32 sourceLineNumber) in /mnt/c/code/github/jarvis/core.jarvis/ErrorHandling/ErrorHandlingPolicy.cs:line 33
[2025-07-02T17:42:56.321Z]    at core.jarvis.Data.DataContext.Commit[TComponent](TComponent component) in /mnt/c/code/github/jarvis/core.jarvis/Data/DataContext.cs:line 157
[2025-07-02T17:42:56.322Z]    at core.jarvis.api.Services.SecurityAuditService.LogFailedAuthentication(String email, String ipAddress, String userAgent, String reason) in /mnt/c/code/github/jarvis/core.jarvis.api/Services/SecurityAuditService.cs:line 51
[2025-07-02T17:42:56.323Z]   Exception data:
[2025-07-02T17:42:56.323Z]     Severity: ERROR
[2025-07-02T17:42:56.323Z]     SqlState: 42501
[2025-07-02T17:42:56.324Z]     MessageText: permission denied for table security_audit_event_component
[2025-07-02T17:42:56.324Z]     File: aclchk.c
[2025-07-02T17:42:56.324Z]     Line: 2843
[2025-07-02T17:42:56.324Z]     Routine: aclcheck_error
[2025-07-02T17:43:12.137Z] Executing HTTP request: {
[2025-07-02T17:43:12.138Z]   "requestId": "4201f763-b5f0-45f4-905f-0aa33bbf100b",
[2025-07-02T17:43:12.138Z]   "method": "POST",
[2025-07-02T17:43:12.138Z]   "userAgent": "Mozilla/5.0 (Windows NT 10.0; Win64; x64) AppleWebKit/537.36 (KHTML, like Gecko) Chrome/138.0.0.0 Safari/537.36",
[2025-07-02T17:43:12.139Z]   "uri": "/api/security/auth"
[2025-07-02T17:43:12.139Z] }
[2025-07-02T17:43:12.140Z] Executing 'Functions.auth' (Reason='This function was programmatically called via the host APIs.', Id=8e4347bd-0c7e-4fca-b8ef-b295c607060c)
[2025-07-02T17:43:12.325Z] [03:43:12 ERR]  Failed to save component AuthToken for entity 11111111-1111-1111-1111-111111111111 {"Line": 157, "SourceFile": "/mnt/c/code/github/jarvis/core.jarvis/Data/DataContext.cs", "Method": "Commit", "ErrorContext": "{ ComponentType = AuthToken, EntityId = 11111111-1111-1111-1111-111111111111, ComponentId = cefc3a80-4b43-4afe-a68d-d930bce8c566 }", "AzureFunctions_InvocationId": "8e4347bd-0c7e-4fca-b8ef-b295c607060c", "AzureFunctions_FunctionName": "auth", "ThreadId": 10, "MachineName": "MAIN-HOME-PC", "EnvironmentName": "Test"}
[2025-07-02T17:43:12.326Z] Npgsql.PostgresException (0x80004005): 42501: permission denied for table auth_token_component
[2025-07-02T17:43:12.326Z]    at Npgsql.Internal.NpgsqlConnector.ReadMessageLong(Boolean async, DataRowLoadingMode dataRowLoadingMode, Boolean readingNotifications, Boolean isReadingPrependedMessage)
[2025-07-02T17:43:12.326Z] Executed 'Functions.auth' (Succeeded, Id=8e4347bd-0c7e-4fca-b8ef-b295c607060c, Duration=186ms)
[2025-07-02T17:43:12.326Z]    at System.Runtime.CompilerServices.PoolingAsyncValueTaskMethodBuilder`1.StateMachineBox`1.System.Threading.Tasks.Sources.IValueTaskSource<TResult>.GetResult(Int16 token)
[2025-07-02T17:43:12.327Z] Executed HTTP request: {
[2025-07-02T17:43:12.327Z]    at Npgsql.NpgsqlDataReader.NextResult(Boolean async, Boolean isConsuming, CancellationToken cancellationToken)
[2025-07-02T17:43:12.328Z]   "requestId": "4201f763-b5f0-45f4-905f-0aa33bbf100b",
[2025-07-02T17:43:12.328Z]   "identities": "",
[2025-07-02T17:43:12.329Z]   "status": "200",
[2025-07-02T17:43:12.329Z]   "duration": "189"
[2025-07-02T17:43:12.329Z] }
[2025-07-02T17:43:12.328Z]    at Npgsql.NpgsqlDataReader.NextResult(Boolean async, Boolean isConsuming, CancellationToken cancellationToken)
[2025-07-02T17:43:12.330Z]    at Npgsql.NpgsqlCommand.ExecuteReader(Boolean async, CommandBehavior behavior, CancellationToken cancellationToken)
[2025-07-02T17:43:12.330Z]    at Npgsql.NpgsqlCommand.ExecuteReader(Boolean async, CommandBehavior behavior, CancellationToken cancellationToken)
[2025-07-02T17:43:12.330Z]    at Npgsql.NpgsqlCommand.ExecuteNonQuery(Boolean async, CancellationToken cancellationToken)
[2025-07-02T17:43:12.331Z]    at Dapper.SqlMapper.ExecuteImplAsync(IDbConnection cnn, CommandDefinition command, Object param) in /_/Dapper/SqlMapper.Async.cs:line 662
[2025-07-02T17:43:12.331Z]    at core.jarvis.data.PgTable`1.Insert(T entity) in /mnt/c/code/github/jarvis/core.jarvis.data/PgTable.cs:line 128
[2025-07-02T17:43:12.331Z]    at core.jarvis.data.PgTable`1.Upsert(T entity) in /mnt/c/code/github/jarvis/core.jarvis.data/PgTable.cs:line 339
[2025-07-02T17:43:12.332Z]    at core.jarvis.Data.DataContext.Commit[TComponent](TComponent component) in /mnt/c/code/github/jarvis/core.jarvis/Data/DataContext.cs:line 123
[2025-07-02T17:43:12.332Z]   Exception data:
[2025-07-02T17:43:12.332Z]     Severity: ERROR
[2025-07-02T17:43:12.333Z]     SqlState: 42501
[2025-07-02T17:43:12.333Z]     MessageText: permission denied for table auth_token_component
[2025-07-02T17:43:12.333Z]     File: aclchk.c
[2025-07-02T17:43:12.333Z]     Line: 2843
[2025-07-02T17:43:12.334Z]     Routine: aclcheck_error
[2025-07-02T17:43:12.334Z] [03:43:12 ERR] core.jarvis.api.Handlers.AuthHandler Error during authentication for email: test@example.com {"AzureFunctions_InvocationId": "8e4347bd-0c7e-4fca-b8ef-b295c607060c", "AzureFunctions_FunctionName": "auth", "ThreadId": 10, "MachineName": "MAIN-HOME-PC", "EnvironmentName": "Test"}
[2025-07-02T17:43:12.334Z] Npgsql.PostgresException (0x80004005): 42501: permission denied for table auth_token_component
[2025-07-02T17:43:12.334Z]    at core.jarvis.ErrorHandling.ErrorHandlingPolicy.LogAndRethrow(Exception exception, String message, Object context, String memberName, String sourceFilePath, Int32 sourceLineNumber) in /mnt/c/code/github/jarvis/core.jarvis/ErrorHandling/ErrorHandlingPolicy.cs:line 33
[2025-07-02T17:43:12.335Z]    at core.jarvis.Data.DataContext.Commit[TComponent](TComponent component) in /mnt/c/code/github/jarvis/core.jarvis/Data/DataContext.cs:line 157
[2025-07-02T17:43:12.335Z]    at core.jarvis.api.Handlers.AuthHandler.AuthenticateInternal(Account accountCredentials) in /mnt/c/code/github/jarvis/core.jarvis.api/Handlers/AuthHandler.cs:line 169
[2025-07-02T17:43:12.335Z]   Exception data:
[2025-07-02T17:43:12.335Z]     Severity: ERROR
[2025-07-02T17:43:12.336Z]     SqlState: 42501
[2025-07-02T17:43:12.336Z]     MessageText: permission denied for table auth_token_component
[2025-07-02T17:43:12.336Z]     File: aclchk.c
[2025-07-02T17:43:12.336Z]     Line: 2843
[2025-07-02T17:43:12.336Z]     Routine: aclcheck_error
[2025-07-02T17:43:42.582Z] Executing HTTP request: {
[2025-07-02T17:43:42.583Z]   "requestId": "12774484-20e3-4e0c-9daa-2b1cdc43dd59",
[2025-07-02T17:43:42.583Z]   "method": "POST",
[2025-07-02T17:43:42.583Z]   "userAgent": "Mozilla/5.0 (Windows NT 10.0; Win64; x64) AppleWebKit/537.36 (KHTML, like Gecko) Chrome/138.0.0.0 Safari/537.36",
[2025-07-02T17:43:42.584Z]   "uri": "/api/security/auth"
[2025-07-02T17:43:42.584Z] }
[2025-07-02T17:43:42.585Z] Executing 'Functions.auth' (Reason='This function was programmatically called via the host APIs.', Id=1354ba28-7a88-4b00-8246-8335a9cbf7a8)
[2025-07-02T17:43:42.768Z] [03:43:42 ERR]  Failed to save component AuthToken for entity 11111111-1111-1111-1111-111111111111 {"Line": 157, "SourceFile": "/mnt/c/code/github/jarvis/core.jarvis/Data/DataContext.cs", "Method": "Commit", "ErrorContext": "{ ComponentType = AuthToken, EntityId = 11111111-1111-1111-1111-111111111111, ComponentId = 8f1e509a-d8f7-419a-a8d5-cf8ad412179c }", "AzureFunctions_InvocationId": "1354ba28-7a88-4b00-8246-8335a9cbf7a8", "AzureFunctions_FunctionName": "auth", "ThreadId": 7, "MachineName": "MAIN-HOME-PC", "EnvironmentName": "Test"}
[2025-07-02T17:43:42.769Z] Npgsql.PostgresException (0x80004005): 42501: permission denied for table auth_token_component
[2025-07-02T17:43:42.769Z]    at Npgsql.Internal.NpgsqlConnector.ReadMessageLong(Boolean async, DataRowLoadingMode dataRowLoadingMode, Boolean readingNotifications, Boolean isReadingPrependedMessage)
[2025-07-02T17:43:42.769Z] Executed 'Functions.auth' (Succeeded, Id=1354ba28-7a88-4b00-8246-8335a9cbf7a8, Duration=184ms)
[2025-07-02T17:43:42.770Z]    at System.Runtime.CompilerServices.PoolingAsyncValueTaskMethodBuilder`1.StateMachineBox`1.System.Threading.Tasks.Sources.IValueTaskSource<TResult>.GetResult(Int16 token)
[2025-07-02T17:43:42.770Z] Executed HTTP request: {
[2025-07-02T17:43:42.771Z]   "requestId": "12774484-20e3-4e0c-9daa-2b1cdc43dd59",
[2025-07-02T17:43:42.771Z]   "identities": "",
[2025-07-02T17:43:42.771Z]   "status": "200",
[2025-07-02T17:43:42.770Z]    at Npgsql.NpgsqlDataReader.NextResult(Boolean async, Boolean isConsuming, CancellationToken cancellationToken)
[2025-07-02T17:43:42.771Z]   "duration": "187"
[2025-07-02T17:43:42.772Z] }
[2025-07-02T17:43:42.772Z]    at Npgsql.NpgsqlDataReader.NextResult(Boolean async, Boolean isConsuming, CancellationToken cancellationToken)
[2025-07-02T17:43:42.773Z]    at Npgsql.NpgsqlCommand.ExecuteReader(Boolean async, CommandBehavior behavior, CancellationToken cancellationToken)
[2025-07-02T17:43:42.774Z]    at Npgsql.NpgsqlCommand.ExecuteReader(Boolean async, CommandBehavior behavior, CancellationToken cancellationToken)
[2025-07-02T17:43:42.774Z]    at Npgsql.NpgsqlCommand.ExecuteNonQuery(Boolean async, CancellationToken cancellationToken)
[2025-07-02T17:43:42.775Z]    at Dapper.SqlMapper.ExecuteImplAsync(IDbConnection cnn, CommandDefinition command, Object param) in /_/Dapper/SqlMapper.Async.cs:line 662
[2025-07-02T17:43:42.775Z]    at core.jarvis.data.PgTable`1.Insert(T entity) in /mnt/c/code/github/jarvis/core.jarvis.data/PgTable.cs:line 128
[2025-07-02T17:43:42.775Z]    at core.jarvis.data.PgTable`1.Upsert(T entity) in /mnt/c/code/github/jarvis/core.jarvis.data/PgTable.cs:line 339
[2025-07-02T17:43:42.775Z]    at core.jarvis.Data.DataContext.Commit[TComponent](TComponent component) in /mnt/c/code/github/jarvis/core.jarvis/Data/DataContext.cs:line 123
[2025-07-02T17:43:42.776Z]   Exception data:
[2025-07-02T17:43:42.776Z]     Severity: ERROR
[2025-07-02T17:43:42.776Z]     SqlState: 42501
[2025-07-02T17:43:42.777Z]     MessageText: permission denied for table auth_token_component
[2025-07-02T17:43:42.777Z]     File: aclchk.c
[2025-07-02T17:43:42.777Z]     Line: 2843
[2025-07-02T17:43:42.777Z]     Routine: aclcheck_error
[2025-07-02T17:43:42.778Z] [03:43:42 ERR] core.jarvis.api.Handlers.AuthHandler Error during authentication for email: test@example.com {"AzureFunctions_InvocationId": "1354ba28-7a88-4b00-8246-8335a9cbf7a8", "AzureFunctions_FunctionName": "auth", "ThreadId": 7, "MachineName": "MAIN-HOME-PC", "EnvironmentName": "Test"}
[2025-07-02T17:43:42.778Z] Npgsql.PostgresException (0x80004005): 42501: permission denied for table auth_token_component
[2025-07-02T17:43:42.778Z]    at core.jarvis.ErrorHandling.ErrorHandlingPolicy.LogAndRethrow(Exception exception, String message, Object context, String memberName, String sourceFilePath, Int32 sourceLineNumber) in /mnt/c/code/github/jarvis/core.jarvis/ErrorHandling/ErrorHandlingPolicy.cs:line 33
[2025-07-02T17:43:42.779Z]    at core.jarvis.Data.DataContext.Commit[TComponent](TComponent component) in /mnt/c/code/github/jarvis/core.jarvis/Data/DataContext.cs:line 157
[2025-07-02T17:43:42.779Z]    at core.jarvis.api.Handlers.AuthHandler.AuthenticateInternal(Account accountCredentials) in /mnt/c/code/github/jarvis/core.jarvis.api/Handlers/AuthHandler.cs:line 169
[2025-07-02T17:43:42.780Z]   Exception data:
[2025-07-02T17:43:42.780Z]     Severity: ERROR
[2025-07-02T17:43:42.780Z]     SqlState: 42501
[2025-07-02T17:43:42.781Z]     MessageText: permission denied for table auth_token_component
[2025-07-02T17:43:42.781Z]     File: aclchk.c
[2025-07-02T17:43:42.781Z]     Line: 2843
[2025-07-02T17:43:42.782Z]     Routine: aclcheck_error
[2025-07-02T17:44:12.557Z] Executing HTTP request: {
[2025-07-02T17:44:12.557Z]   "requestId": "1f476406-80c1-45c6-b9b7-28bda08e79da",
[2025-07-02T17:44:12.558Z]   "method": "POST",
[2025-07-02T17:44:12.558Z]   "userAgent": "Mozilla/5.0 (Windows NT 10.0; Win64; x64) AppleWebKit/537.36 (KHTML, like Gecko) Chrome/138.0.0.0 Safari/537.36",
[2025-07-02T17:44:12.558Z]   "uri": "/api/security/auth"
[2025-07-02T17:44:12.559Z] }
[2025-07-02T17:44:12.560Z] Executing 'Functions.auth' (Reason='This function was programmatically called via the host APIs.', Id=8e19bbcb-c913-4f12-9369-88d87f4f1652)
[2025-07-02T17:44:12.744Z] [03:44:12 ERR]  Failed to save component AuthToken for entity 11111111-1111-1111-1111-111111111111 {"Line": 157, "SourceFile": "/mnt/c/code/github/jarvis/core.jarvis/Data/DataContext.cs", "Method": "Commit", "ErrorContext": "{ ComponentType = AuthToken, EntityId = 11111111-1111-1111-1111-111111111111, ComponentId = e13e2f5f-b183-4068-aa19-7c20dd53ea2b }", "AzureFunctions_InvocationId": "8e19bbcb-c913-4f12-9369-88d87f4f1652", "AzureFunctions_FunctionName": "auth", "ThreadId": 12, "MachineName": "MAIN-HOME-PC", "EnvironmentName": "Test"}
[2025-07-02T17:44:12.744Z] Npgsql.PostgresException (0x80004005): 42501: permission denied for table auth_token_component
[2025-07-02T17:44:12.745Z]    at Npgsql.Internal.NpgsqlConnector.ReadMessageLong(Boolean async, DataRowLoadingMode dataRowLoadingMode, Boolean readingNotifications, Boolean isReadingPrependedMessage)
[2025-07-02T17:44:12.745Z] Executed 'Functions.auth' (Succeeded, Id=8e19bbcb-c913-4f12-9369-88d87f4f1652, Duration=184ms)
[2025-07-02T17:44:12.745Z]    at System.Runtime.CompilerServices.PoolingAsyncValueTaskMethodBuilder`1.StateMachineBox`1.System.Threading.Tasks.Sources.IValueTaskSource<TResult>.GetResult(Int16 token)
[2025-07-02T17:44:12.745Z]    at Npgsql.NpgsqlDataReader.NextResult(Boolean async, Boolean isConsuming, CancellationToken cancellationToken)
[2025-07-02T17:44:12.745Z] Executed HTTP request: {
[2025-07-02T17:44:12.746Z]   "requestId": "1f476406-80c1-45c6-b9b7-28bda08e79da",
[2025-07-02T17:44:12.746Z]   "identities": "",
[2025-07-02T17:44:12.746Z]   "status": "200",
[2025-07-02T17:44:12.747Z]   "duration": "188"
[2025-07-02T17:44:12.746Z]    at Npgsql.NpgsqlDataReader.NextResult(Boolean async, Boolean isConsuming, CancellationToken cancellationToken)
[2025-07-02T17:44:12.747Z] }
[2025-07-02T17:44:12.747Z]    at Npgsql.NpgsqlCommand.ExecuteReader(Boolean async, CommandBehavior behavior, CancellationToken cancellationToken)
[2025-07-02T17:44:12.748Z]    at Npgsql.NpgsqlCommand.ExecuteReader(Boolean async, CommandBehavior behavior, CancellationToken cancellationToken)
[2025-07-02T17:44:12.748Z]    at Npgsql.NpgsqlCommand.ExecuteNonQuery(Boolean async, CancellationToken cancellationToken)
[2025-07-02T17:44:12.749Z]    at Dapper.SqlMapper.ExecuteImplAsync(IDbConnection cnn, CommandDefinition command, Object param) in /_/Dapper/SqlMapper.Async.cs:line 662
[2025-07-02T17:44:12.749Z]    at core.jarvis.data.PgTable`1.Insert(T entity) in /mnt/c/code/github/jarvis/core.jarvis.data/PgTable.cs:line 128
[2025-07-02T17:44:12.749Z]    at core.jarvis.data.PgTable`1.Upsert(T entity) in /mnt/c/code/github/jarvis/core.jarvis.data/PgTable.cs:line 339
[2025-07-02T17:44:12.749Z]    at core.jarvis.Data.DataContext.Commit[TComponent](TComponent component) in /mnt/c/code/github/jarvis/core.jarvis/Data/DataContext.cs:line 123
[2025-07-02T17:44:12.750Z]   Exception data:
[2025-07-02T17:44:12.750Z]     Severity: ERROR
[2025-07-02T17:44:12.750Z]     SqlState: 42501
[2025-07-02T17:44:12.750Z]     MessageText: permission denied for table auth_token_component
[2025-07-02T17:44:12.750Z]     File: aclchk.c
[2025-07-02T17:44:12.751Z]     Line: 2843
[2025-07-02T17:44:12.751Z]     Routine: aclcheck_error
[2025-07-02T17:44:12.751Z] [03:44:12 ERR] core.jarvis.api.Handlers.AuthHandler Error during authentication for email: test@example.com {"AzureFunctions_InvocationId": "8e19bbcb-c913-4f12-9369-88d87f4f1652", "AzureFunctions_FunctionName": "auth", "ThreadId": 12, "MachineName": "MAIN-HOME-PC", "EnvironmentName": "Test"}
[2025-07-02T17:44:12.751Z] Npgsql.PostgresException (0x80004005): 42501: permission denied for table auth_token_component
[2025-07-02T17:44:12.751Z]    at core.jarvis.ErrorHandling.ErrorHandlingPolicy.LogAndRethrow(Exception exception, String message, Object context, String memberName, String sourceFilePath, Int32 sourceLineNumber) in /mnt/c/code/github/jarvis/core.jarvis/ErrorHandling/ErrorHandlingPolicy.cs:line 33
[2025-07-02T17:44:12.752Z]    at core.jarvis.Data.DataContext.Commit[TComponent](TComponent component) in /mnt/c/code/github/jarvis/core.jarvis/Data/DataContext.cs:line 157
[2025-07-02T17:44:12.752Z]    at core.jarvis.api.Handlers.AuthHandler.AuthenticateInternal(Account accountCredentials) in /mnt/c/code/github/jarvis/core.jarvis.api/Handlers/AuthHandler.cs:line 169
[2025-07-02T17:44:12.753Z]   Exception data:
[2025-07-02T17:44:12.753Z]     Severity: ERROR
[2025-07-02T17:44:12.753Z]     SqlState: 42501
[2025-07-02T17:44:12.753Z]     MessageText: permission denied for table auth_token_component
[2025-07-02T17:44:12.754Z]     File: aclchk.c
[2025-07-02T17:44:12.754Z]     Line: 2843
[2025-07-02T17:44:12.754Z]     Routine: aclcheck_error
[2025-07-02T17:44:14.587Z] Executing HTTP request: {
[2025-07-02T17:44:14.587Z]   "requestId": "272911bc-7196-4eee-966f-5b530daccaae",
[2025-07-02T17:44:14.588Z]   "method": "POST",
[2025-07-02T17:44:14.588Z]   "userAgent": "Mozilla/5.0 (Windows NT 10.0; Win64; x64) AppleWebKit/537.36 (KHTML, like Gecko) Chrome/138.0.0.0 Safari/537.36",
[2025-07-02T17:44:14.588Z]   "uri": "/api/security/auth"
[2025-07-02T17:44:14.589Z] }
[2025-07-02T17:44:14.590Z] Executing 'Functions.auth' (Reason='This function was programmatically called via the host APIs.', Id=8583aba8-47bc-4d46-a287-12025621da84)
[2025-07-02T17:44:14.774Z] [03:44:14 ERR]  Failed to save component AuthToken for entity 11111111-1111-1111-1111-111111111111 {"Line": 157, "SourceFile": "/mnt/c/code/github/jarvis/core.jarvis/Data/DataContext.cs", "Method": "Commit", "ErrorContext": "{ ComponentType = AuthToken, EntityId = 11111111-1111-1111-1111-111111111111, ComponentId = 9940c163-a2a8-491d-945f-5382bd4e6136 }", "AzureFunctions_InvocationId": "8583aba8-47bc-4d46-a287-12025621da84", "AzureFunctions_FunctionName": "auth", "ThreadId": 12, "MachineName": "MAIN-HOME-PC", "EnvironmentName": "Test"}
[2025-07-02T17:44:14.775Z] Npgsql.PostgresException (0x80004005): 42501: permission denied for table auth_token_component
[2025-07-02T17:44:14.775Z] Executed 'Functions.auth' (Succeeded, Id=8583aba8-47bc-4d46-a287-12025621da84, Duration=185ms)
[2025-07-02T17:44:14.775Z]    at Npgsql.Internal.NpgsqlConnector.ReadMessageLong(Boolean async, DataRowLoadingMode dataRowLoadingMode, Boolean readingNotifications, Boolean isReadingPrependedMessage)
[2025-07-02T17:44:14.776Z] Executed HTTP request: {
[2025-07-02T17:44:14.776Z]    at System.Runtime.CompilerServices.PoolingAsyncValueTaskMethodBuilder`1.StateMachineBox`1.System.Threading.Tasks.Sources.IValueTaskSource<TResult>.GetResult(Int16 token)
[2025-07-02T17:44:14.776Z]   "requestId": "272911bc-7196-4eee-966f-5b530daccaae",
[2025-07-02T17:44:14.777Z]   "identities": "",
[2025-07-02T17:44:14.777Z]    at Npgsql.NpgsqlDataReader.NextResult(Boolean async, Boolean isConsuming, CancellationToken cancellationToken)
[2025-07-02T17:44:14.777Z]   "status": "200",
[2025-07-02T17:44:14.778Z]   "duration": "189"
[2025-07-02T17:44:14.778Z] }
[2025-07-02T17:44:14.778Z]    at Npgsql.NpgsqlDataReader.NextResult(Boolean async, Boolean isConsuming, CancellationToken cancellationToken)
[2025-07-02T17:44:14.779Z]    at Npgsql.NpgsqlCommand.ExecuteReader(Boolean async, CommandBehavior behavior, CancellationToken cancellationToken)
[2025-07-02T17:44:14.779Z]    at Npgsql.NpgsqlCommand.ExecuteReader(Boolean async, CommandBehavior behavior, CancellationToken cancellationToken)
[2025-07-02T17:44:14.780Z]    at Npgsql.NpgsqlCommand.ExecuteNonQuery(Boolean async, CancellationToken cancellationToken)
[2025-07-02T17:44:14.780Z]    at Dapper.SqlMapper.ExecuteImplAsync(IDbConnection cnn, CommandDefinition command, Object param) in /_/Dapper/SqlMapper.Async.cs:line 662
[2025-07-02T17:44:14.780Z]    at core.jarvis.data.PgTable`1.Insert(T entity) in /mnt/c/code/github/jarvis/core.jarvis.data/PgTable.cs:line 128
[2025-07-02T17:44:14.780Z]    at core.jarvis.data.PgTable`1.Upsert(T entity) in /mnt/c/code/github/jarvis/core.jarvis.data/PgTable.cs:line 339
[2025-07-02T17:44:14.781Z]    at core.jarvis.Data.DataContext.Commit[TComponent](TComponent component) in /mnt/c/code/github/jarvis/core.jarvis/Data/DataContext.cs:line 123
[2025-07-02T17:44:14.781Z]   Exception data:
[2025-07-02T17:44:14.781Z]     Severity: ERROR
[2025-07-02T17:44:14.782Z]     SqlState: 42501
[2025-07-02T17:44:14.782Z]     MessageText: permission denied for table auth_token_component
[2025-07-02T17:44:14.782Z]     File: aclchk.c
[2025-07-02T17:44:14.782Z]     Line: 2843
[2025-07-02T17:44:14.783Z]     Routine: aclcheck_error
[2025-07-02T17:44:14.783Z] [03:44:14 ERR] core.jarvis.api.Handlers.AuthHandler Error during authentication for email: test@example.com {"AzureFunctions_InvocationId": "8583aba8-47bc-4d46-a287-12025621da84", "AzureFunctions_FunctionName": "auth", "ThreadId": 12, "MachineName": "MAIN-HOME-PC", "EnvironmentName": "Test"}
[2025-07-02T17:44:14.783Z] Npgsql.PostgresException (0x80004005): 42501: permission denied for table auth_token_component
[2025-07-02T17:44:14.784Z]    at core.jarvis.ErrorHandling.ErrorHandlingPolicy.LogAndRethrow(Exception exception, String message, Object context, String memberName, String sourceFilePath, Int32 sourceLineNumber) in /mnt/c/code/github/jarvis/core.jarvis/ErrorHandling/ErrorHandlingPolicy.cs:line 33
[2025-07-02T17:44:14.784Z]    at core.jarvis.Data.DataContext.Commit[TComponent](TComponent component) in /mnt/c/code/github/jarvis/core.jarvis/Data/DataContext.cs:line 157
[2025-07-02T17:44:14.784Z]    at core.jarvis.api.Handlers.AuthHandler.AuthenticateInternal(Account accountCredentials) in /mnt/c/code/github/jarvis/core.jarvis.api/Handlers/AuthHandler.cs:line 169
[2025-07-02T17:44:14.785Z]   Exception data:
[2025-07-02T17:44:14.785Z]     Severity: ERROR
[2025-07-02T17:44:14.785Z]     SqlState: 42501
[2025-07-02T17:44:14.785Z]     MessageText: permission denied for table auth_token_component
[2025-07-02T17:44:14.786Z]     File: aclchk.c
[2025-07-02T17:44:14.786Z]     Line: 2843
[2025-07-02T17:44:14.786Z]     Routine: aclcheck_error
[2025-07-02T17:44:45.936Z] Executing HTTP request: {
[2025-07-02T17:44:45.937Z]   "requestId": "93d0e647-ff65-4e1c-8ef3-22ad94e8867c",
[2025-07-02T17:44:45.937Z]   "method": "POST",
[2025-07-02T17:44:45.938Z]   "userAgent": "Mozilla/5.0 (Windows NT 10.0; Win64; x64) AppleWebKit/537.36 (KHTML, like Gecko) Chrome/138.0.0.0 Safari/537.36",
[2025-07-02T17:44:45.938Z]   "uri": "/api/security/auth"
[2025-07-02T17:44:45.938Z] }
[2025-07-02T17:44:45.939Z] Executing 'Functions.auth' (Reason='This function was programmatically called via the host APIs.', Id=3edbfa35-f03a-4cd6-9c24-0edaab4b0b7a)
[2025-07-02T17:44:46.128Z] [03:44:46 ERR]  Failed to save component AuthToken for entity 11111111-1111-1111-1111-111111111111 {"Line": 157, "SourceFile": "/mnt/c/code/github/jarvis/core.jarvis/Data/DataContext.cs", "Method": "Commit", "ErrorContext": "{ ComponentType = AuthToken, EntityId = 11111111-1111-1111-1111-111111111111, ComponentId = 100d19fa-501e-448a-8c46-ccea3bccd81e }", "AzureFunctions_InvocationId": "3edbfa35-f03a-4cd6-9c24-0edaab4b0b7a", "AzureFunctions_FunctionName": "auth", "ThreadId": 13, "MachineName": "MAIN-HOME-PC", "EnvironmentName": "Test"}
[2025-07-02T17:44:46.128Z] Npgsql.PostgresException (0x80004005): 42501: permission denied for table auth_token_component
[2025-07-02T17:44:46.129Z] Executed 'Functions.auth' (Succeeded, Id=3edbfa35-f03a-4cd6-9c24-0edaab4b0b7a, Duration=189ms)
[2025-07-02T17:44:46.129Z]    at Npgsql.Internal.NpgsqlConnector.ReadMessageLong(Boolean async, DataRowLoadingMode dataRowLoadingMode, Boolean readingNotifications, Boolean isReadingPrependedMessage)
[2025-07-02T17:44:46.130Z] Executed HTTP request: {
[2025-07-02T17:44:46.131Z]   "requestId": "93d0e647-ff65-4e1c-8ef3-22ad94e8867c",
[2025-07-02T17:44:46.131Z]   "identities": "",
[2025-07-02T17:44:46.131Z]   "status": "200",
[2025-07-02T17:44:46.130Z]    at System.Runtime.CompilerServices.PoolingAsyncValueTaskMethodBuilder`1.StateMachineBox`1.System.Threading.Tasks.Sources.IValueTaskSource<TResult>.GetResult(Int16 token)
[2025-07-02T17:44:46.132Z]   "duration": "193"
[2025-07-02T17:44:46.132Z]    at Npgsql.NpgsqlDataReader.NextResult(Boolean async, Boolean isConsuming, CancellationToken cancellationToken)
[2025-07-02T17:44:46.132Z] }
[2025-07-02T17:44:46.133Z]    at Npgsql.NpgsqlDataReader.NextResult(Boolean async, Boolean isConsuming, CancellationToken cancellationToken)
[2025-07-02T17:44:46.134Z]    at Npgsql.NpgsqlCommand.ExecuteReader(Boolean async, CommandBehavior behavior, CancellationToken cancellationToken)
[2025-07-02T17:44:46.134Z]    at Npgsql.NpgsqlCommand.ExecuteReader(Boolean async, CommandBehavior behavior, CancellationToken cancellationToken)
[2025-07-02T17:44:46.134Z]    at Npgsql.NpgsqlCommand.ExecuteNonQuery(Boolean async, CancellationToken cancellationToken)
[2025-07-02T17:44:46.135Z]    at Dapper.SqlMapper.ExecuteImplAsync(IDbConnection cnn, CommandDefinition command, Object param) in /_/Dapper/SqlMapper.Async.cs:line 662
[2025-07-02T17:44:46.135Z]    at core.jarvis.data.PgTable`1.Insert(T entity) in /mnt/c/code/github/jarvis/core.jarvis.data/PgTable.cs:line 128
[2025-07-02T17:44:46.136Z]    at core.jarvis.data.PgTable`1.Upsert(T entity) in /mnt/c/code/github/jarvis/core.jarvis.data/PgTable.cs:line 339
[2025-07-02T17:44:46.136Z]    at core.jarvis.Data.DataContext.Commit[TComponent](TComponent component) in /mnt/c/code/github/jarvis/core.jarvis/Data/DataContext.cs:line 123
[2025-07-02T17:44:46.136Z]   Exception data:
[2025-07-02T17:44:46.137Z]     Severity: ERROR
[2025-07-02T17:44:46.137Z]     SqlState: 42501
[2025-07-02T17:44:46.137Z]     MessageText: permission denied for table auth_token_component
[2025-07-02T17:44:46.138Z]     File: aclchk.c
[2025-07-02T17:44:46.138Z]     Line: 2843
[2025-07-02T17:44:46.138Z]     Routine: aclcheck_error
[2025-07-02T17:44:46.138Z] [03:44:46 ERR] core.jarvis.api.Handlers.AuthHandler Error during authentication for email: test@example.com {"AzureFunctions_InvocationId": "3edbfa35-f03a-4cd6-9c24-0edaab4b0b7a", "AzureFunctions_FunctionName": "auth", "ThreadId": 13, "MachineName": "MAIN-HOME-PC", "EnvironmentName": "Test"}
[2025-07-02T17:44:46.139Z] Npgsql.PostgresException (0x80004005): 42501: permission denied for table auth_token_component
[2025-07-02T17:44:46.139Z]    at core.jarvis.ErrorHandling.ErrorHandlingPolicy.LogAndRethrow(Exception exception, String message, Object context, String memberName, String sourceFilePath, Int32 sourceLineNumber) in /mnt/c/code/github/jarvis/core.jarvis/ErrorHandling/ErrorHandlingPolicy.cs:line 33
[2025-07-02T17:44:46.139Z]    at core.jarvis.Data.DataContext.Commit[TComponent](TComponent component) in /mnt/c/code/github/jarvis/core.jarvis/Data/DataContext.cs:line 157
[2025-07-02T17:44:46.140Z]    at core.jarvis.api.Handlers.AuthHandler.AuthenticateInternal(Account accountCredentials) in /mnt/c/code/github/jarvis/core.jarvis.api/Handlers/AuthHandler.cs:line 169
[2025-07-02T17:44:46.140Z]   Exception data:
[2025-07-02T17:44:46.140Z]     Severity: ERROR
[2025-07-02T17:44:46.141Z]     SqlState: 42501
[2025-07-02T17:44:46.141Z]     MessageText: permission denied for table auth_token_component
[2025-07-02T17:44:46.141Z]     File: aclchk.c
[2025-07-02T17:44:46.142Z]     Line: 2843
[2025-07-02T17:44:46.142Z]     Routine: aclcheck_error
[2025-07-02T17:44:47.589Z] Executing HTTP request: {
[2025-07-02T17:44:47.589Z]   "requestId": "dc3b2603-08fc-4a29-af81-350489d2f0e9",
[2025-07-02T17:44:47.590Z]   "method": "POST",
[2025-07-02T17:44:47.590Z]   "userAgent": "Mozilla/5.0 (Windows NT 10.0; Win64; x64) AppleWebKit/537.36 (KHTML, like Gecko) Chrome/138.0.0.0 Safari/537.36",
[2025-07-02T17:44:47.590Z]   "uri": "/api/security/auth"
[2025-07-02T17:44:47.591Z] }
[2025-07-02T17:44:47.592Z] Executing 'Functions.auth' (Reason='This function was programmatically called via the host APIs.', Id=029a10fe-ebf7-44d5-869d-04fe062f023a)
[2025-07-02T17:44:47.778Z] [03:44:47 ERR]  Failed to save component AuthToken for entity 11111111-1111-1111-1111-111111111111 {"Line": 157, "SourceFile": "/mnt/c/code/github/jarvis/core.jarvis/Data/DataContext.cs", "Method": "Commit", "ErrorContext": "{ ComponentType = AuthToken, EntityId = 11111111-1111-1111-1111-111111111111, ComponentId = 6f81ca4a-c920-4e4a-9671-c7a4cec4f316 }", "AzureFunctions_InvocationId": "029a10fe-ebf7-44d5-869d-04fe062f023a", "AzureFunctions_FunctionName": "auth", "ThreadId": 9, "MachineName": "MAIN-HOME-PC", "EnvironmentName": "Test"}
[2025-07-02T17:44:47.779Z] Npgsql.PostgresException (0x80004005): 42501: permission denied for table auth_token_component
[2025-07-02T17:44:47.779Z] Executed 'Functions.auth' (Succeeded, Id=029a10fe-ebf7-44d5-869d-04fe062f023a, Duration=187ms)
[2025-07-02T17:44:47.779Z]    at Npgsql.Internal.NpgsqlConnector.ReadMessageLong(Boolean async, DataRowLoadingMode dataRowLoadingMode, Boolean readingNotifications, Boolean isReadingPrependedMessage)
[2025-07-02T17:44:47.780Z] Executed HTTP request: {
[2025-07-02T17:44:47.780Z]   "requestId": "dc3b2603-08fc-4a29-af81-350489d2f0e9",
[2025-07-02T17:44:47.780Z]   "identities": "",
[2025-07-02T17:44:47.780Z]    at System.Runtime.CompilerServices.PoolingAsyncValueTaskMethodBuilder`1.StateMachineBox`1.System.Threading.Tasks.Sources.IValueTaskSource<TResult>.GetResult(Int16 token)
[2025-07-02T17:44:47.781Z]   "status": "200",
[2025-07-02T17:44:47.781Z]   "duration": "190"
[2025-07-02T17:44:47.781Z] }
[2025-07-02T17:44:47.781Z]    at Npgsql.NpgsqlDataReader.NextResult(Boolean async, Boolean isConsuming, CancellationToken cancellationToken)
[2025-07-02T17:44:47.782Z]    at Npgsql.NpgsqlDataReader.NextResult(Boolean async, Boolean isConsuming, CancellationToken cancellationToken)
[2025-07-02T17:44:47.782Z]    at Npgsql.NpgsqlCommand.ExecuteReader(Boolean async, CommandBehavior behavior, CancellationToken cancellationToken)
[2025-07-02T17:44:47.782Z]    at Npgsql.NpgsqlCommand.ExecuteReader(Boolean async, CommandBehavior behavior, CancellationToken cancellationToken)
[2025-07-02T17:44:47.783Z]    at Npgsql.NpgsqlCommand.ExecuteNonQuery(Boolean async, CancellationToken cancellationToken)
[2025-07-02T17:44:47.783Z]    at Dapper.SqlMapper.ExecuteImplAsync(IDbConnection cnn, CommandDefinition command, Object param) in /_/Dapper/SqlMapper.Async.cs:line 662
[2025-07-02T17:44:47.783Z]    at core.jarvis.data.PgTable`1.Insert(T entity) in /mnt/c/code/github/jarvis/core.jarvis.data/PgTable.cs:line 128
[2025-07-02T17:44:47.784Z]    at core.jarvis.data.PgTable`1.Upsert(T entity) in /mnt/c/code/github/jarvis/core.jarvis.data/PgTable.cs:line 339
[2025-07-02T17:44:47.784Z]    at core.jarvis.Data.DataContext.Commit[TComponent](TComponent component) in /mnt/c/code/github/jarvis/core.jarvis/Data/DataContext.cs:line 123
[2025-07-02T17:44:47.785Z]   Exception data:
[2025-07-02T17:44:47.785Z]     Severity: ERROR
[2025-07-02T17:44:47.785Z]     SqlState: 42501
[2025-07-02T17:44:47.786Z]     MessageText: permission denied for table auth_token_component
[2025-07-02T17:44:47.786Z]     File: aclchk.c
[2025-07-02T17:44:47.786Z]     Line: 2843
[2025-07-02T17:44:47.786Z]     Routine: aclcheck_error
[2025-07-02T17:44:47.787Z] [03:44:47 ERR] core.jarvis.api.Handlers.AuthHandler Error during authentication for email: test@example.com {"AzureFunctions_InvocationId": "029a10fe-ebf7-44d5-869d-04fe062f023a", "AzureFunctions_FunctionName": "auth", "ThreadId": 9, "MachineName": "MAIN-HOME-PC", "EnvironmentName": "Test"}
[2025-07-02T17:44:47.787Z] Npgsql.PostgresException (0x80004005): 42501: permission denied for table auth_token_component
[2025-07-02T17:44:47.787Z]    at core.jarvis.ErrorHandling.ErrorHandlingPolicy.LogAndRethrow(Exception exception, String message, Object context, String memberName, String sourceFilePath, Int32 sourceLineNumber) in /mnt/c/code/github/jarvis/core.jarvis/ErrorHandling/ErrorHandlingPolicy.cs:line 33
[2025-07-02T17:44:47.788Z]    at core.jarvis.Data.DataContext.Commit[TComponent](TComponent component) in /mnt/c/code/github/jarvis/core.jarvis/Data/DataContext.cs:line 157
[2025-07-02T17:44:47.788Z]    at core.jarvis.api.Handlers.AuthHandler.AuthenticateInternal(Account accountCredentials) in /mnt/c/code/github/jarvis/core.jarvis.api/Handlers/AuthHandler.cs:line 169
[2025-07-02T17:44:47.788Z]   Exception data:
[2025-07-02T17:44:47.788Z]     Severity: ERROR
[2025-07-02T17:44:47.789Z]     SqlState: 42501
[2025-07-02T17:44:47.789Z]     MessageText: permission denied for table auth_token_component
[2025-07-02T17:44:47.789Z]     File: aclchk.c
[2025-07-02T17:44:47.790Z]     Line: 2843
[2025-07-02T17:44:47.790Z]     Routine: aclcheck_error
[2025-07-02T17:44:48.744Z] Executing HTTP request: {
[2025-07-02T17:44:48.745Z]   "requestId": "86820890-7e48-4f4a-b4e5-d3d50b5a3fd3",
[2025-07-02T17:44:48.745Z]   "method": "POST",
[2025-07-02T17:44:48.745Z]   "userAgent": "Mozilla/5.0 (Windows NT 10.0; Win64; x64) AppleWebKit/537.36 (KHTML, like Gecko) Chrome/138.0.0.0 Safari/537.36",
[2025-07-02T17:44:48.746Z]   "uri": "/api/security/auth"
[2025-07-02T17:44:48.746Z] }
[2025-07-02T17:44:48.747Z] Executing 'Functions.auth' (Reason='This function was programmatically called via the host APIs.', Id=e4bcf559-6cd2-46ab-9bbf-ee51dd159bc1)
[2025-07-02T17:44:48.928Z] [03:44:48 ERR]  Failed to save component AuthToken for entity 11111111-1111-1111-1111-111111111111 {"Line": 157, "SourceFile": "/mnt/c/code/github/jarvis/core.jarvis/Data/DataContext.cs", "Method": "Commit", "ErrorContext": "{ ComponentType = AuthToken, EntityId = 11111111-1111-1111-1111-111111111111, ComponentId = 71f88c0b-cf19-4af6-913a-65ba131fbac7 }", "AzureFunctions_InvocationId": "e4bcf559-6cd2-46ab-9bbf-ee51dd159bc1", "AzureFunctions_FunctionName": "auth", "ThreadId": 9, "MachineName": "MAIN-HOME-PC", "EnvironmentName": "Test"}
[2025-07-02T17:44:48.929Z] Npgsql.PostgresException (0x80004005): 42501: permission denied for table auth_token_component
[2025-07-02T17:44:48.929Z]    at Npgsql.Internal.NpgsqlConnector.ReadMessageLong(Boolean async, DataRowLoadingMode dataRowLoadingMode, Boolean readingNotifications, Boolean isReadingPrependedMessage)
[2025-07-02T17:44:48.929Z] Executed 'Functions.auth' (Succeeded, Id=e4bcf559-6cd2-46ab-9bbf-ee51dd159bc1, Duration=183ms)
[2025-07-02T17:44:48.930Z]    at System.Runtime.CompilerServices.PoolingAsyncValueTaskMethodBuilder`1.StateMachineBox`1.System.Threading.Tasks.Sources.IValueTaskSource<TResult>.GetResult(Int16 token)
[2025-07-02T17:44:48.930Z] Executed HTTP request: {
[2025-07-02T17:44:48.930Z]    at Npgsql.NpgsqlDataReader.NextResult(Boolean async, Boolean isConsuming, CancellationToken cancellationToken)
[2025-07-02T17:44:48.930Z]   "requestId": "86820890-7e48-4f4a-b4e5-d3d50b5a3fd3",
[2025-07-02T17:44:48.931Z]   "identities": "",
[2025-07-02T17:44:48.931Z]    at Npgsql.NpgsqlDataReader.NextResult(Boolean async, Boolean isConsuming, CancellationToken cancellationToken)
[2025-07-02T17:44:48.931Z]   "status": "200",
[2025-07-02T17:44:48.932Z]    at Npgsql.NpgsqlCommand.ExecuteReader(Boolean async, CommandBehavior behavior, CancellationToken cancellationToken)
[2025-07-02T17:44:48.932Z]   "duration": "186"
[2025-07-02T17:44:48.932Z]    at Npgsql.NpgsqlCommand.ExecuteReader(Boolean async, CommandBehavior behavior, CancellationToken cancellationToken)
[2025-07-02T17:44:48.932Z] }
[2025-07-02T17:44:48.932Z]    at Npgsql.NpgsqlCommand.ExecuteNonQuery(Boolean async, CancellationToken cancellationToken)
[2025-07-02T17:44:48.933Z]    at Dapper.SqlMapper.ExecuteImplAsync(IDbConnection cnn, CommandDefinition command, Object param) in /_/Dapper/SqlMapper.Async.cs:line 662
[2025-07-02T17:44:48.933Z]    at core.jarvis.data.PgTable`1.Insert(T entity) in /mnt/c/code/github/jarvis/core.jarvis.data/PgTable.cs:line 128
[2025-07-02T17:44:48.933Z]    at core.jarvis.data.PgTable`1.Upsert(T entity) in /mnt/c/code/github/jarvis/core.jarvis.data/PgTable.cs:line 339
[2025-07-02T17:44:48.934Z]    at core.jarvis.Data.DataContext.Commit[TComponent](TComponent component) in /mnt/c/code/github/jarvis/core.jarvis/Data/DataContext.cs:line 123
[2025-07-02T17:44:48.934Z]   Exception data:
[2025-07-02T17:44:48.934Z]     Severity: ERROR
[2025-07-02T17:44:48.934Z]     SqlState: 42501
[2025-07-02T17:44:48.935Z]     MessageText: permission denied for table auth_token_component
[2025-07-02T17:44:48.935Z]     File: aclchk.c
[2025-07-02T17:44:48.935Z]     Line: 2843
[2025-07-02T17:44:48.935Z]     Routine: aclcheck_error
[2025-07-02T17:44:48.935Z] [03:44:48 ERR] core.jarvis.api.Handlers.AuthHandler Error during authentication for email: test@example.com {"AzureFunctions_InvocationId": "e4bcf559-6cd2-46ab-9bbf-ee51dd159bc1", "AzureFunctions_FunctionName": "auth", "ThreadId": 9, "MachineName": "MAIN-HOME-PC", "EnvironmentName": "Test"}
[2025-07-02T17:44:48.936Z] Npgsql.PostgresException (0x80004005): 42501: permission denied for table auth_token_component
[2025-07-02T17:44:48.936Z]    at core.jarvis.ErrorHandling.ErrorHandlingPolicy.LogAndRethrow(Exception exception, String message, Object context, String memberName, String sourceFilePath, Int32 sourceLineNumber) in /mnt/c/code/github/jarvis/core.jarvis/ErrorHandling/ErrorHandlingPolicy.cs:line 33
[2025-07-02T17:44:48.937Z]    at core.jarvis.Data.DataContext.Commit[TComponent](TComponent component) in /mnt/c/code/github/jarvis/core.jarvis/Data/DataContext.cs:line 157
[2025-07-02T17:44:48.937Z]    at core.jarvis.api.Handlers.AuthHandler.AuthenticateInternal(Account accountCredentials) in /mnt/c/code/github/jarvis/core.jarvis.api/Handlers/AuthHandler.cs:line 169
[2025-07-02T17:44:48.937Z]   Exception data:
[2025-07-02T17:44:48.937Z]     Severity: ERROR
[2025-07-02T17:44:48.938Z]     SqlState: 42501
[2025-07-02T17:44:48.938Z]     MessageText: permission denied for table auth_token_component
[2025-07-02T17:44:48.938Z]     File: aclchk.c
[2025-07-02T17:44:48.938Z]     Line: 2843
[2025-07-02T17:44:48.938Z]     Routine: aclcheck_error
[2025-07-02T17:45:08.697Z] Executing HTTP request: {
[2025-07-02T17:45:08.698Z]   "requestId": "0925d6e5-a7f4-4234-955e-044aaf80ff3d",
[2025-07-02T17:45:08.698Z]   "method": "POST",
[2025-07-02T17:45:08.699Z]   "userAgent": "Mozilla/5.0 (Windows NT 10.0; Win64; x64) AppleWebKit/537.36 (KHTML, like Gecko) Chrome/138.0.0.0 Safari/537.36",
[2025-07-02T17:45:08.699Z]   "uri": "/api/security/auth"
[2025-07-02T17:45:08.699Z] }
[2025-07-02T17:45:08.700Z] Executing 'Functions.auth' (Reason='This function was programmatically called via the host APIs.', Id=0b3468c9-5891-44e2-aba8-e61d8b991dfe)
[2025-07-02T17:45:08.890Z] [03:45:08 ERR]  Failed to save component AuthToken for entity 11111111-1111-1111-1111-111111111111 {"Line": 157, "SourceFile": "/mnt/c/code/github/jarvis/core.jarvis/Data/DataContext.cs", "Method": "Commit", "ErrorContext": "{ ComponentType = AuthToken, EntityId = 11111111-1111-1111-1111-111111111111, ComponentId = db89749f-da3a-4db3-bb18-7e2555cabb7d }", "AzureFunctions_InvocationId": "0b3468c9-5891-44e2-aba8-e61d8b991dfe", "AzureFunctions_FunctionName": "auth", "ThreadId": 10, "MachineName": "MAIN-HOME-PC", "EnvironmentName": "Test"}
[2025-07-02T17:45:08.891Z] Executed 'Functions.auth' (Succeeded, Id=0b3468c9-5891-44e2-aba8-e61d8b991dfe, Duration=190ms)
[2025-07-02T17:45:08.891Z] Npgsql.PostgresException (0x80004005): 42501: permission denied for table auth_token_component
[2025-07-02T17:45:08.892Z] Executed HTTP request: {
[2025-07-02T17:45:08.892Z]    at Npgsql.Internal.NpgsqlConnector.ReadMessageLong(Boolean async, DataRowLoadingMode dataRowLoadingMode, Boolean readingNotifications, Boolean isReadingPrependedMessage)
[2025-07-02T17:45:08.892Z]   "requestId": "0925d6e5-a7f4-4234-955e-044aaf80ff3d",
[2025-07-02T17:45:08.893Z]   "identities": "",
[2025-07-02T17:45:08.893Z]   "status": "200",
[2025-07-02T17:45:08.892Z]    at System.Runtime.CompilerServices.PoolingAsyncValueTaskMethodBuilder`1.StateMachineBox`1.System.Threading.Tasks.Sources.IValueTaskSource<TResult>.GetResult(Int16 token)
[2025-07-02T17:45:08.893Z]   "duration": "194"
[2025-07-02T17:45:08.894Z]    at Npgsql.NpgsqlDataReader.NextResult(Boolean async, Boolean isConsuming, CancellationToken cancellationToken)
[2025-07-02T17:45:08.894Z] }
[2025-07-02T17:45:08.895Z]    at Npgsql.NpgsqlDataReader.NextResult(Boolean async, Boolean isConsuming, CancellationToken cancellationToken)
[2025-07-02T17:45:08.896Z]    at Npgsql.NpgsqlCommand.ExecuteReader(Boolean async, CommandBehavior behavior, CancellationToken cancellationToken)
[2025-07-02T17:45:08.896Z]    at Npgsql.NpgsqlCommand.ExecuteReader(Boolean async, CommandBehavior behavior, CancellationToken cancellationToken)
[2025-07-02T17:45:08.897Z]    at Npgsql.NpgsqlCommand.ExecuteNonQuery(Boolean async, CancellationToken cancellationToken)
[2025-07-02T17:45:08.897Z]    at Dapper.SqlMapper.ExecuteImplAsync(IDbConnection cnn, CommandDefinition command, Object param) in /_/Dapper/SqlMapper.Async.cs:line 662
[2025-07-02T17:45:08.897Z]    at core.jarvis.data.PgTable`1.Insert(T entity) in /mnt/c/code/github/jarvis/core.jarvis.data/PgTable.cs:line 128
[2025-07-02T17:45:08.897Z]    at core.jarvis.data.PgTable`1.Upsert(T entity) in /mnt/c/code/github/jarvis/core.jarvis.data/PgTable.cs:line 339
[2025-07-02T17:45:08.897Z]    at core.jarvis.Data.DataContext.Commit[TComponent](TComponent component) in /mnt/c/code/github/jarvis/core.jarvis/Data/DataContext.cs:line 123
[2025-07-02T17:45:08.898Z]   Exception data:
[2025-07-02T17:45:08.898Z]     Severity: ERROR
[2025-07-02T17:45:08.898Z]     SqlState: 42501
[2025-07-02T17:45:08.898Z]     MessageText: permission denied for table auth_token_component
[2025-07-02T17:45:08.898Z]     File: aclchk.c
[2025-07-02T17:45:08.899Z]     Line: 2843
[2025-07-02T17:45:08.899Z]     Routine: aclcheck_error
[2025-07-02T17:45:08.899Z] [03:45:08 ERR] core.jarvis.api.Handlers.AuthHandler Error during authentication for email: test@example.com {"AzureFunctions_InvocationId": "0b3468c9-5891-44e2-aba8-e61d8b991dfe", "AzureFunctions_FunctionName": "auth", "ThreadId": 10, "MachineName": "MAIN-HOME-PC", "EnvironmentName": "Test"}
[2025-07-02T17:45:08.899Z] Npgsql.PostgresException (0x80004005): 42501: permission denied for table auth_token_component
[2025-07-02T17:45:08.900Z]    at core.jarvis.ErrorHandling.ErrorHandlingPolicy.LogAndRethrow(Exception exception, String message, Object context, String memberName, String sourceFilePath, Int32 sourceLineNumber) in /mnt/c/code/github/jarvis/core.jarvis/ErrorHandling/ErrorHandlingPolicy.cs:line 33
[2025-07-02T17:45:08.900Z]    at core.jarvis.Data.DataContext.Commit[TComponent](TComponent component) in /mnt/c/code/github/jarvis/core.jarvis/Data/DataContext.cs:line 157
[2025-07-02T17:45:08.900Z]    at core.jarvis.api.Handlers.AuthHandler.AuthenticateInternal(Account accountCredentials) in /mnt/c/code/github/jarvis/core.jarvis.api/Handlers/AuthHandler.cs:line 169
[2025-07-02T17:45:08.901Z]   Exception data:
[2025-07-02T17:45:08.901Z]     Severity: ERROR
[2025-07-02T17:45:08.901Z]     SqlState: 42501
[2025-07-02T17:45:08.901Z]     MessageText: permission denied for table auth_token_component
[2025-07-02T17:45:08.902Z]     File: aclchk.c
[2025-07-02T17:45:08.902Z]     Line: 2843
[2025-07-02T17:45:08.902Z]     Routine: aclcheck_error
[2025-07-02T17:45:09.872Z] Executing HTTP request: {
[2025-07-02T17:45:09.875Z]   "requestId": "7369a9d9-1b4e-48e4-b899-a52225c414f0",
[2025-07-02T17:45:09.875Z]   "method": "POST",
[2025-07-02T17:45:09.876Z]   "userAgent": "Mozilla/5.0 (Windows NT 10.0; Win64; x64) AppleWebKit/537.36 (KHTML, like Gecko) Chrome/138.0.0.0 Safari/537.36",
[2025-07-02T17:45:09.876Z]   "uri": "/api/security/auth"
[2025-07-02T17:45:09.877Z] }
[2025-07-02T17:45:09.878Z] Executing 'Functions.auth' (Reason='This function was programmatically called via the host APIs.', Id=4f7c0565-1c55-4f87-ab21-0dd2befe384a)
[2025-07-02T17:45:26.000Z] [03:45:26 ERR]  Failed to save component AuthToken for entity 11111111-1111-1111-1111-111111111111 {"Line": 157, "SourceFile": "/mnt/c/code/github/jarvis/core.jarvis/Data/DataContext.cs", "Method": "Commit", "ErrorContext": "{ ComponentType = AuthToken, EntityId = 11111111-1111-1111-1111-111111111111, ComponentId = c8ce70a7-fd20-414e-9ef9-24cc912fa0b2 }", "AzureFunctions_InvocationId": "4f7c0565-1c55-4f87-ab21-0dd2befe384a", "AzureFunctions_FunctionName": "auth", "ThreadId": 9, "MachineName": "MAIN-HOME-PC", "EnvironmentName": "Test"}
[2025-07-02T17:45:26.001Z] Executed 'Functions.auth' (Succeeded, Id=4f7c0565-1c55-4f87-ab21-0dd2befe384a, Duration=16123ms)
[2025-07-02T17:45:26.001Z] Npgsql.PostgresException (0x80004005): 42501: permission denied for table auth_token_component
[2025-07-02T17:45:26.002Z]    at Npgsql.Internal.NpgsqlConnector.ReadMessageLong(Boolean async, DataRowLoadingMode dataRowLoadingMode, Boolean readingNotifications, Boolean isReadingPrependedMessage)
[2025-07-02T17:45:26.002Z]    at System.Runtime.CompilerServices.PoolingAsyncValueTaskMethodBuilder`1.StateMachineBox`1.System.Threading.Tasks.Sources.IValueTaskSource<TResult>.GetResult(Int16 token)
[2025-07-02T17:45:26.002Z] Executed HTTP request: {
[2025-07-02T17:45:26.003Z]   "requestId": "7369a9d9-1b4e-48e4-b899-a52225c414f0",
[2025-07-02T17:45:26.003Z]   "identities": "",
[2025-07-02T17:45:26.003Z]   "status": "200",
[2025-07-02T17:45:26.004Z]   "duration": "192"
[2025-07-02T17:45:26.002Z]    at Npgsql.NpgsqlDataReader.NextResult(Boolean async, Boolean isConsuming, CancellationToken cancellationToken)
[2025-07-02T17:45:26.004Z] }
[2025-07-02T17:45:26.005Z]    at Npgsql.NpgsqlDataReader.NextResult(Boolean async, Boolean isConsuming, CancellationToken cancellationToken)
[2025-07-02T17:45:26.005Z]    at Npgsql.NpgsqlCommand.ExecuteReader(Boolean async, CommandBehavior behavior, CancellationToken cancellationToken)
[2025-07-02T17:45:26.005Z]    at Npgsql.NpgsqlCommand.ExecuteReader(Boolean async, CommandBehavior behavior, CancellationToken cancellationToken)
[2025-07-02T17:45:26.005Z]    at Npgsql.NpgsqlCommand.ExecuteNonQuery(Boolean async, CancellationToken cancellationToken)
[2025-07-02T17:45:26.006Z]    at Dapper.SqlMapper.ExecuteImplAsync(IDbConnection cnn, CommandDefinition command, Object param) in /_/Dapper/SqlMapper.Async.cs:line 662
[2025-07-02T17:45:26.006Z]    at core.jarvis.data.PgTable`1.Insert(T entity) in /mnt/c/code/github/jarvis/core.jarvis.data/PgTable.cs:line 128
[2025-07-02T17:45:26.006Z]    at core.jarvis.data.PgTable`1.Upsert(T entity) in /mnt/c/code/github/jarvis/core.jarvis.data/PgTable.cs:line 339
[2025-07-02T17:45:26.006Z]    at core.jarvis.Data.DataContext.Commit[TComponent](TComponent component) in /mnt/c/code/github/jarvis/core.jarvis/Data/DataContext.cs:line 123
[2025-07-02T17:45:26.006Z]   Exception data:
[2025-07-02T17:45:26.007Z]     Severity: ERROR
[2025-07-02T17:45:26.007Z]     SqlState: 42501
[2025-07-02T17:45:26.007Z]     MessageText: permission denied for table auth_token_component
[2025-07-02T17:45:26.007Z]     File: aclchk.c
[2025-07-02T17:45:26.007Z]     Line: 2843
[2025-07-02T17:45:26.008Z]     Routine: aclcheck_error
[2025-07-02T17:45:26.008Z] [03:45:26 ERR] core.jarvis.api.Handlers.AuthHandler Error during authentication for email: test@example.com {"AzureFunctions_InvocationId": "4f7c0565-1c55-4f87-ab21-0dd2befe384a", "AzureFunctions_FunctionName": "auth", "ThreadId": 9, "MachineName": "MAIN-HOME-PC", "EnvironmentName": "Test"}
[2025-07-02T17:45:26.008Z] Npgsql.PostgresException (0x80004005): 42501: permission denied for table auth_token_component
[2025-07-02T17:45:26.008Z]    at core.jarvis.ErrorHandling.ErrorHandlingPolicy.LogAndRethrow(Exception exception, String message, Object context, String memberName, String sourceFilePath, Int32 sourceLineNumber) in /mnt/c/code/github/jarvis/core.jarvis/ErrorHandling/ErrorHandlingPolicy.cs:line 33
[2025-07-02T17:45:26.008Z]    at core.jarvis.Data.DataContext.Commit[TComponent](TComponent component) in /mnt/c/code/github/jarvis/core.jarvis/Data/DataContext.cs:line 157
[2025-07-02T17:45:26.009Z]    at core.jarvis.api.Handlers.AuthHandler.AuthenticateInternal(Account accountCredentials) in /mnt/c/code/github/jarvis/core.jarvis.api/Handlers/AuthHandler.cs:line 169
[2025-07-02T17:45:26.009Z]   Exception data:
[2025-07-02T17:45:26.009Z]     Severity: ERROR
[2025-07-02T17:45:26.010Z]     SqlState: 42501
[2025-07-02T17:45:26.010Z]     MessageText: permission denied for table auth_token_component
[2025-07-02T17:45:26.010Z]     File: aclchk.c
[2025-07-02T17:45:26.010Z]     Line: 2843
[2025-07-02T17:45:26.010Z]     Routine: aclcheck_error
[2025-07-02T17:45:12.175Z] Executing HTTP request: {
[2025-07-02T17:45:12.180Z]   "requestId": "70d7190c-53ae-4547-aa35-ce16b712db5b",
[2025-07-02T17:45:12.180Z]   "method": "POST",
[2025-07-02T17:45:12.180Z]   "userAgent": "Mozilla/5.0 (Windows NT 10.0; Win64; x64) AppleWebKit/537.36 (KHTML, like Gecko) Chrome/138.0.0.0 Safari/537.36",
[2025-07-02T17:45:12.181Z]   "uri": "/api/security/auth"
[2025-07-02T17:45:12.181Z] }
[2025-07-02T17:45:12.182Z] Executing 'Functions.auth' (Reason='This function was programmatically called via the host APIs.', Id=1cda5fd9-9d22-468b-a391-d781d4659ec9)
[2025-07-02T17:45:12.364Z] [03:45:12 ERR]  Failed to save component AuthToken for entity 11111111-1111-1111-1111-111111111111 {"Line": 157, "SourceFile": "/mnt/c/code/github/jarvis/core.jarvis/Data/DataContext.cs", "Method": "Commit", "ErrorContext": "{ ComponentType = AuthToken, EntityId = 11111111-1111-1111-1111-111111111111, ComponentId = 981c3384-058a-4403-a2bd-146a2bdf57af }", "AzureFunctions_InvocationId": "1cda5fd9-9d22-468b-a391-d781d4659ec9", "AzureFunctions_FunctionName": "auth", "ThreadId": 12, "MachineName": "MAIN-HOME-PC", "EnvironmentName": "Test"}
[2025-07-02T17:45:12.364Z] Npgsql.PostgresException (0x80004005): 42501: permission denied for table auth_token_component
[2025-07-02T17:45:12.364Z] Executed 'Functions.auth' (Succeeded, Id=1cda5fd9-9d22-468b-a391-d781d4659ec9, Duration=182ms)
[2025-07-02T17:45:12.365Z]    at Npgsql.Internal.NpgsqlConnector.ReadMessageLong(Boolean async, DataRowLoadingMode dataRowLoadingMode, Boolean readingNotifications, Boolean isReadingPrependedMessage)
[2025-07-02T17:45:12.365Z] Executed HTTP request: {
[2025-07-02T17:45:12.366Z]   "requestId": "70d7190c-53ae-4547-aa35-ce16b712db5b",
[2025-07-02T17:45:12.365Z]    at System.Runtime.CompilerServices.PoolingAsyncValueTaskMethodBuilder`1.StateMachineBox`1.System.Threading.Tasks.Sources.IValueTaskSource<TResult>.GetResult(Int16 token)
[2025-07-02T17:45:12.366Z]    at Npgsql.NpgsqlDataReader.NextResult(Boolean async, Boolean isConsuming, CancellationToken cancellationToken)
[2025-07-02T17:45:12.366Z]   "identities": "",
[2025-07-02T17:45:12.367Z]    at Npgsql.NpgsqlDataReader.NextResult(Boolean async, Boolean isConsuming, CancellationToken cancellationToken)
[2025-07-02T17:45:12.367Z]   "status": "200",
[2025-07-02T17:45:12.367Z]   "duration": "189"
[2025-07-02T17:45:12.367Z] }
[2025-07-02T17:45:12.367Z]    at Npgsql.NpgsqlCommand.ExecuteReader(Boolean async, CommandBehavior behavior, CancellationToken cancellationToken)
[2025-07-02T17:45:12.368Z]    at Npgsql.NpgsqlCommand.ExecuteReader(Boolean async, CommandBehavior behavior, CancellationToken cancellationToken)
[2025-07-02T17:45:12.368Z]    at Npgsql.NpgsqlCommand.ExecuteNonQuery(Boolean async, CancellationToken cancellationToken)
[2025-07-02T17:45:12.368Z]    at Dapper.SqlMapper.ExecuteImplAsync(IDbConnection cnn, CommandDefinition command, Object param) in /_/Dapper/SqlMapper.Async.cs:line 662
[2025-07-02T17:45:12.368Z]    at core.jarvis.data.PgTable`1.Insert(T entity) in /mnt/c/code/github/jarvis/core.jarvis.data/PgTable.cs:line 128
[2025-07-02T17:45:12.369Z]    at core.jarvis.data.PgTable`1.Upsert(T entity) in /mnt/c/code/github/jarvis/core.jarvis.data/PgTable.cs:line 339
[2025-07-02T17:45:12.369Z]    at core.jarvis.Data.DataContext.Commit[TComponent](TComponent component) in /mnt/c/code/github/jarvis/core.jarvis/Data/DataContext.cs:line 123
[2025-07-02T17:45:12.369Z]   Exception data:
[2025-07-02T17:45:12.369Z]     Severity: ERROR
[2025-07-02T17:45:12.369Z]     SqlState: 42501
[2025-07-02T17:45:12.370Z]     MessageText: permission denied for table auth_token_component
[2025-07-02T17:45:12.370Z]     File: aclchk.c
[2025-07-02T17:45:12.370Z]     Line: 2843
[2025-07-02T17:45:12.370Z]     Routine: aclcheck_error
[2025-07-02T17:45:12.370Z] [03:45:12 ERR] core.jarvis.api.Handlers.AuthHandler Error during authentication for email: test@example.com {"AzureFunctions_InvocationId": "1cda5fd9-9d22-468b-a391-d781d4659ec9", "AzureFunctions_FunctionName": "auth", "ThreadId": 12, "MachineName": "MAIN-HOME-PC", "EnvironmentName": "Test"}
[2025-07-02T17:45:12.371Z] Npgsql.PostgresException (0x80004005): 42501: permission denied for table auth_token_component
[2025-07-02T17:45:12.371Z]    at core.jarvis.ErrorHandling.ErrorHandlingPolicy.LogAndRethrow(Exception exception, String message, Object context, String memberName, String sourceFilePath, Int32 sourceLineNumber) in /mnt/c/code/github/jarvis/core.jarvis/ErrorHandling/ErrorHandlingPolicy.cs:line 33
[2025-07-02T17:45:12.371Z]    at core.jarvis.Data.DataContext.Commit[TComponent](TComponent component) in /mnt/c/code/github/jarvis/core.jarvis/Data/DataContext.cs:line 157
[2025-07-02T17:45:12.371Z]    at core.jarvis.api.Handlers.AuthHandler.AuthenticateInternal(Account accountCredentials) in /mnt/c/code/github/jarvis/core.jarvis.api/Handlers/AuthHandler.cs:line 169
[2025-07-02T17:45:12.372Z]   Exception data:
[2025-07-02T17:45:12.372Z]     Severity: ERROR
[2025-07-02T17:45:12.372Z]     SqlState: 42501
[2025-07-02T17:45:12.372Z]     MessageText: permission denied for table auth_token_component
[2025-07-02T17:45:12.372Z]     File: aclchk.c
[2025-07-02T17:45:12.373Z]     Line: 2843
[2025-07-02T17:45:12.373Z]     Routine: aclcheck_error
[2025-07-02T17:45:13.078Z] Executing HTTP request: {
[2025-07-02T17:45:13.079Z]   "requestId": "10952f77-264c-4218-a142-8316a8c3088b",
[2025-07-02T17:45:13.079Z]   "method": "POST",
[2025-07-02T17:45:13.080Z]   "userAgent": "Mozilla/5.0 (Windows NT 10.0; Win64; x64) AppleWebKit/537.36 (KHTML, like Gecko) Chrome/138.0.0.0 Safari/537.36",
[2025-07-02T17:45:13.080Z]   "uri": "/api/security/auth"
[2025-07-02T17:45:13.080Z] }
[2025-07-02T17:45:13.081Z] Executing 'Functions.auth' (Reason='This function was programmatically called via the host APIs.', Id=cd716bd5-abf0-44fc-96b4-a5d4a7edf5dd)
[2025-07-02T17:45:13.263Z] [03:45:13 ERR]  Failed to save component AuthToken for entity 11111111-1111-1111-1111-111111111111 {"Line": 157, "SourceFile": "/mnt/c/code/github/jarvis/core.jarvis/Data/DataContext.cs", "Method": "Commit", "ErrorContext": "{ ComponentType = AuthToken, EntityId = 11111111-1111-1111-1111-111111111111, ComponentId = 5f94e95b-9ce5-4764-b4c6-f322ff9096eb }", "AzureFunctions_InvocationId": "cd716bd5-abf0-44fc-96b4-a5d4a7edf5dd", "AzureFunctions_FunctionName": "auth", "ThreadId": 9, "MachineName": "MAIN-HOME-PC", "EnvironmentName": "Test"}
[2025-07-02T17:45:13.264Z] Npgsql.PostgresException (0x80004005): 42501: permission denied for table auth_token_component
[2025-07-02T17:45:13.264Z]    at Npgsql.Internal.NpgsqlConnector.ReadMessageLong(Boolean async, DataRowLoadingMode dataRowLoadingMode, Boolean readingNotifications, Boolean isReadingPrependedMessage)
[2025-07-02T17:45:13.264Z] Executed 'Functions.auth' (Succeeded, Id=cd716bd5-abf0-44fc-96b4-a5d4a7edf5dd, Duration=182ms)
[2025-07-02T17:45:13.264Z]    at System.Runtime.CompilerServices.PoolingAsyncValueTaskMethodBuilder`1.StateMachineBox`1.System.Threading.Tasks.Sources.IValueTaskSource<TResult>.GetResult(Int16 token)
[2025-07-02T17:45:13.265Z]    at Npgsql.NpgsqlDataReader.NextResult(Boolean async, Boolean isConsuming, CancellationToken cancellationToken)
[2025-07-02T17:45:13.265Z] Executed HTTP request: {
[2025-07-02T17:45:13.265Z]   "requestId": "10952f77-264c-4218-a142-8316a8c3088b",
[2025-07-02T17:45:13.266Z]   "identities": "",
[2025-07-02T17:45:13.266Z]   "status": "200",
[2025-07-02T17:45:13.266Z]   "duration": "186"
[2025-07-02T17:45:13.265Z]    at Npgsql.NpgsqlDataReader.NextResult(Boolean async, Boolean isConsuming, CancellationToken cancellationToken)
[2025-07-02T17:45:13.266Z] }
[2025-07-02T17:45:13.267Z]    at Npgsql.NpgsqlCommand.ExecuteReader(Boolean async, CommandBehavior behavior, CancellationToken cancellationToken)
[2025-07-02T17:45:13.267Z]    at Npgsql.NpgsqlCommand.ExecuteReader(Boolean async, CommandBehavior behavior, CancellationToken cancellationToken)
[2025-07-02T17:45:13.267Z]    at Npgsql.NpgsqlCommand.ExecuteNonQuery(Boolean async, CancellationToken cancellationToken)
[2025-07-02T17:45:13.268Z]    at Dapper.SqlMapper.ExecuteImplAsync(IDbConnection cnn, CommandDefinition command, Object param) in /_/Dapper/SqlMapper.Async.cs:line 662
[2025-07-02T17:45:13.268Z]    at core.jarvis.data.PgTable`1.Insert(T entity) in /mnt/c/code/github/jarvis/core.jarvis.data/PgTable.cs:line 128
[2025-07-02T17:45:13.268Z]    at core.jarvis.data.PgTable`1.Upsert(T entity) in /mnt/c/code/github/jarvis/core.jarvis.data/PgTable.cs:line 339
[2025-07-02T17:45:13.268Z]    at core.jarvis.Data.DataContext.Commit[TComponent](TComponent component) in /mnt/c/code/github/jarvis/core.jarvis/Data/DataContext.cs:line 123
[2025-07-02T17:45:13.268Z]   Exception data:
[2025-07-02T17:45:13.269Z]     Severity: ERROR
[2025-07-02T17:45:13.269Z]     SqlState: 42501
[2025-07-02T17:45:13.269Z]     MessageText: permission denied for table auth_token_component
[2025-07-02T17:45:13.269Z]     File: aclchk.c
[2025-07-02T17:45:13.269Z]     Line: 2843
[2025-07-02T17:45:13.269Z]     Routine: aclcheck_error
[2025-07-02T17:45:13.270Z] [03:45:13 ERR] core.jarvis.api.Handlers.AuthHandler Error during authentication for email: test@example.com {"AzureFunctions_InvocationId": "cd716bd5-abf0-44fc-96b4-a5d4a7edf5dd", "AzureFunctions_FunctionName": "auth", "ThreadId": 9, "MachineName": "MAIN-HOME-PC", "EnvironmentName": "Test"}
[2025-07-02T17:45:13.270Z] Npgsql.PostgresException (0x80004005): 42501: permission denied for table auth_token_component
[2025-07-02T17:45:13.270Z]    at core.jarvis.ErrorHandling.ErrorHandlingPolicy.LogAndRethrow(Exception exception, String message, Object context, String memberName, String sourceFilePath, Int32 sourceLineNumber) in /mnt/c/code/github/jarvis/core.jarvis/ErrorHandling/ErrorHandlingPolicy.cs:line 33
[2025-07-02T17:45:13.271Z]    at core.jarvis.Data.DataContext.Commit[TComponent](TComponent component) in /mnt/c/code/github/jarvis/core.jarvis/Data/DataContext.cs:line 157
[2025-07-02T17:45:13.271Z]    at core.jarvis.api.Handlers.AuthHandler.AuthenticateInternal(Account accountCredentials) in /mnt/c/code/github/jarvis/core.jarvis.api/Handlers/AuthHandler.cs:line 169
[2025-07-02T17:45:13.271Z]   Exception data:
[2025-07-02T17:45:13.271Z]     Severity: ERROR
[2025-07-02T17:45:13.272Z]     SqlState: 42501
[2025-07-02T17:45:13.272Z]     MessageText: permission denied for table auth_token_component
[2025-07-02T17:45:13.272Z]     File: aclchk.c
[2025-07-02T17:45:13.272Z]     Line: 2843
[2025-07-02T17:45:13.272Z]     Routine: aclcheck_error
[2025-07-02T17:45:13.938Z] Executing HTTP request: {
[2025-07-02T17:45:13.939Z]   "requestId": "ab581b65-f293-4eb7-9f41-a211b4e5109b",
[2025-07-02T17:45:13.939Z]   "method": "GET",
[2025-07-02T17:45:13.939Z]   "userAgent": "Mozilla/5.0 (Windows NT 10.0; Win64; x64) AppleWebKit/537.36 (KHTML, like Gecko) Chrome/138.0.0.0 Safari/537.36",
[2025-07-02T17:45:13.939Z]   "uri": "/api/swagger/ui"
[2025-07-02T17:45:13.940Z] }
[2025-07-02T17:45:13.940Z] Executing 'Functions.RenderSwaggerUI' (Reason='This function was programmatically called via the host APIs.', Id=d238ed3d-5ffa-4be1-8714-7025911653b9)
[2025-07-02T17:45:13.942Z] [03:45:13 INF] core.jarvis.api.Functions.SwaggerFunctions Swagger UI requested {"AzureFunctions_InvocationId": "d238ed3d-5ffa-4be1-8714-7025911653b9", "AzureFunctions_FunctionName": "RenderSwaggerUI", "ThreadId": 12, "MachineName": "MAIN-HOME-PC", "EnvironmentName": "Test"}
[2025-07-02T17:45:13.942Z] Executed 'Functions.RenderSwaggerUI' (Succeeded, Id=d238ed3d-5ffa-4be1-8714-7025911653b9, Duration=2ms)
[2025-07-02T17:45:13.943Z] Executed HTTP request: {
[2025-07-02T17:45:13.944Z]   "requestId": "ab581b65-f293-4eb7-9f41-a211b4e5109b",
[2025-07-02T17:45:13.944Z]   "identities": "",
[2025-07-02T17:45:13.944Z]   "status": "200",
[2025-07-02T17:45:13.944Z]   "duration": "5"
[2025-07-02T17:45:13.945Z] }
[2025-07-02T17:45:13.962Z] Executing HTTP request: {
[2025-07-02T17:45:13.963Z]   "requestId": "0a22b34d-04cc-4aa4-8bb7-63c1c1f1a11d",
[2025-07-02T17:45:13.963Z]   "method": "GET",
[2025-07-02T17:45:13.963Z]   "userAgent": "Mozilla/5.0 (Windows NT 10.0; Win64; x64) AppleWebKit/537.36 (KHTML, like Gecko) Chrome/138.0.0.0 Safari/537.36",
[2025-07-02T17:45:13.963Z]   "uri": "/.well-known/appspecific/com.chrome.devtools.json"
[2025-07-02T17:45:13.964Z] }
[2025-07-02T17:45:13.964Z] Executed HTTP request: {
[2025-07-02T17:45:13.965Z]   "requestId": "0a22b34d-04cc-4aa4-8bb7-63c1c1f1a11d",
[2025-07-02T17:45:13.965Z]   "identities": "",
[2025-07-02T17:45:13.965Z]   "status": "404",
[2025-07-02T17:45:13.966Z]   "duration": "2"
[2025-07-02T17:45:13.966Z] }
[2025-07-02T17:45:14.078Z] Executing HTTP request: {
[2025-07-02T17:45:14.079Z]   "requestId": "ea1e4295-94e4-4afb-b2b5-3cac73a5e14e",
[2025-07-02T17:45:14.079Z]   "method": "GET",
[2025-07-02T17:45:14.080Z]   "userAgent": "Mozilla/5.0 (Windows NT 10.0; Win64; x64) AppleWebKit/537.36 (KHTML, like Gecko) Chrome/138.0.0.0 Safari/537.36",
[2025-07-02T17:45:14.080Z]   "uri": "/api/swagger.json"
[2025-07-02T17:45:14.081Z] }
[2025-07-02T17:45:14.082Z] Executing 'Functions.RenderOpenApiDocument' (Reason='This function was programmatically called via the host APIs.', Id=4d2bf2dc-1de8-4dd3-a653-7f1e0360768e)
[2025-07-02T17:45:14.085Z] [03:45:14 INF] core.jarvis.api.Functions.SwaggerFunctions OpenAPI document requested: json {"AzureFunctions_InvocationId": "4d2bf2dc-1de8-4dd3-a653-7f1e0360768e", "AzureFunctions_FunctionName": "RenderOpenApiDocument", "ThreadId": 16, "MachineName": "MAIN-HOME-PC", "EnvironmentName": "Test"}
[2025-07-02T17:45:14.086Z] Executed 'Functions.RenderOpenApiDocument' (Succeeded, Id=4d2bf2dc-1de8-4dd3-a653-7f1e0360768e, Duration=4ms)
[2025-07-02T17:45:14.087Z] Executed HTTP request: {
[2025-07-02T17:45:14.087Z]   "requestId": "ea1e4295-94e4-4afb-b2b5-3cac73a5e14e",
[2025-07-02T17:45:14.088Z]   "identities": "",
[2025-07-02T17:45:14.088Z]   "status": "200",
[2025-07-02T17:45:14.088Z]   "duration": "8"
[2025-07-02T17:45:14.089Z] }
[2025-07-02T17:45:14.887Z] Executing HTTP request: {
[2025-07-02T17:45:14.887Z]   "requestId": "e94950c4-fcbb-4729-8d96-f65721b10102",
[2025-07-02T17:45:14.888Z]   "method": "GET",
[2025-07-02T17:45:14.888Z]   "userAgent": "Mozilla/5.0 (Windows NT 10.0; Win64; x64) AppleWebKit/537.36 (KHTML, like Gecko) Chrome/138.0.0.0 Safari/537.36",
[2025-07-02T17:45:14.888Z]   "uri": "/api/swagger/ui"
[2025-07-02T17:45:14.888Z] }
[2025-07-02T17:45:14.889Z] Executing 'Functions.RenderSwaggerUI' (Reason='This function was programmatically called via the host APIs.', Id=563a0d7a-ccb5-484c-912a-c0dfb3d299bb)
[2025-07-02T17:45:14.891Z] [03:45:14 INF] core.jarvis.api.Functions.SwaggerFunctions Swagger UI requested {"AzureFunctions_InvocationId": "563a0d7a-ccb5-484c-912a-c0dfb3d299bb", "AzureFunctions_FunctionName": "RenderSwaggerUI", "ThreadId": 12, "MachineName": "MAIN-HOME-PC", "EnvironmentName": "Test"}
[2025-07-02T17:45:14.892Z] Executed 'Functions.RenderSwaggerUI' (Succeeded, Id=563a0d7a-ccb5-484c-912a-c0dfb3d299bb, Duration=3ms)
[2025-07-02T17:45:14.893Z] Executed HTTP request: {
[2025-07-02T17:45:14.893Z]   "requestId": "e94950c4-fcbb-4729-8d96-f65721b10102",
[2025-07-02T17:45:14.893Z]   "identities": "",
[2025-07-02T17:45:14.894Z]   "status": "200",
[2025-07-02T17:45:14.894Z]   "duration": "6"
[2025-07-02T17:45:14.894Z] }
[2025-07-02T17:45:14.904Z] Executing HTTP request: {
[2025-07-02T17:45:14.905Z]   "requestId": "01932547-52eb-4ac4-aeca-3f5446a6a22b",
[2025-07-02T17:45:14.905Z]   "method": "GET",
[2025-07-02T17:45:14.906Z]   "userAgent": "Mozilla/5.0 (Windows NT 10.0; Win64; x64) AppleWebKit/537.36 (KHTML, like Gecko) Chrome/138.0.0.0 Safari/537.36",
[2025-07-02T17:45:14.906Z]   "uri": "/.well-known/appspecific/com.chrome.devtools.json"
[2025-07-02T17:45:14.906Z] }
[2025-07-02T17:45:14.907Z] Executed HTTP request: {
[2025-07-02T17:45:14.908Z]   "requestId": "01932547-52eb-4ac4-aeca-3f5446a6a22b",
[2025-07-02T17:45:14.908Z]   "identities": "",
[2025-07-02T17:45:14.908Z]   "status": "404",
[2025-07-02T17:45:14.909Z]   "duration": "2"
[2025-07-02T17:45:14.909Z] }
[2025-07-02T17:45:30.945Z] Executing HTTP request: {
[2025-07-02T17:45:30.946Z]   "requestId": "c94d592a-5698-4728-86f0-669ed0941691",
[2025-07-02T17:45:30.946Z]   "method": "GET",
[2025-07-02T17:45:30.947Z]   "userAgent": "Mozilla/5.0 (Windows NT 10.0; Win64; x64) AppleWebKit/537.36 (KHTML, like Gecko) Chrome/138.0.0.0 Safari/537.36",
[2025-07-02T17:45:30.947Z]   "uri": "/api/swagger.json"
[2025-07-02T17:45:30.948Z] }
[2025-07-02T17:45:30.949Z] Executing 'Functions.RenderOpenApiDocument' (Reason='This function was programmatically called via the host APIs.', Id=147ae3a3-d7d9-4dc2-a503-896f90957e11)
[2025-07-02T17:45:30.953Z] [03:45:30 INF] core.jarvis.api.Functions.SwaggerFunctions OpenAPI document requested: json {"AzureFunctions_InvocationId": "147ae3a3-d7d9-4dc2-a503-896f90957e11", "AzureFunctions_FunctionName": "RenderOpenApiDocument", "ThreadId": 10, "MachineName": "MAIN-HOME-PC", "EnvironmentName": "Test"}
[2025-07-02T17:45:30.956Z] Executed 'Functions.RenderOpenApiDocument' (Succeeded, Id=147ae3a3-d7d9-4dc2-a503-896f90957e11, Duration=6ms)
[2025-07-02T17:45:30.957Z] Executed HTTP request: {
[2025-07-02T17:45:30.957Z]   "requestId": "c94d592a-5698-4728-86f0-669ed0941691",
[2025-07-02T17:45:30.958Z]   "identities": "",
[2025-07-02T17:45:30.958Z]   "status": "200",
[2025-07-02T17:45:30.958Z]   "duration": "11"
[2025-07-02T17:45:30.959Z] }
[2025-07-02T17:45:15.497Z] Executing HTTP request: {
[2025-07-02T17:45:15.498Z]   "requestId": "c2c0cc3b-61e6-483a-9f49-f516dd960f9b",
[2025-07-02T17:45:15.498Z]   "method": "GET",
[2025-07-02T17:45:15.498Z]   "userAgent": "Mozilla/5.0 (Windows NT 10.0; Win64; x64) AppleWebKit/537.36 (KHTML, like Gecko) Chrome/138.0.0.0 Safari/537.36",
[2025-07-02T17:45:15.498Z]   "uri": "/api/swagger/ui"
[2025-07-02T17:45:15.499Z] }
[2025-07-02T17:45:15.500Z] Executing 'Functions.RenderSwaggerUI' (Reason='This function was programmatically called via the host APIs.', Id=57a572be-84cb-4e02-a0b0-729c978ff92f)
[2025-07-02T17:45:15.503Z] [03:45:15 INF] core.jarvis.api.Functions.SwaggerFunctions Swagger UI requested {"AzureFunctions_InvocationId": "57a572be-84cb-4e02-a0b0-729c978ff92f", "AzureFunctions_FunctionName": "RenderSwaggerUI", "ThreadId": 10, "MachineName": "MAIN-HOME-PC", "EnvironmentName": "Test"}
[2025-07-02T17:45:15.504Z] Executed 'Functions.RenderSwaggerUI' (Succeeded, Id=57a572be-84cb-4e02-a0b0-729c978ff92f, Duration=4ms)
[2025-07-02T17:45:15.505Z] Executed HTTP request: {
[2025-07-02T17:45:15.505Z]   "requestId": "c2c0cc3b-61e6-483a-9f49-f516dd960f9b",
[2025-07-02T17:45:15.505Z]   "identities": "",
[2025-07-02T17:45:15.506Z]   "status": "200",
[2025-07-02T17:45:15.506Z]   "duration": "7"
[2025-07-02T17:45:15.506Z] }
[2025-07-02T17:45:15.515Z] Executing HTTP request: {
[2025-07-02T17:45:15.515Z]   "requestId": "154c7922-1f1b-4618-87ea-0065dcdeb4a5",
[2025-07-02T17:45:15.516Z]   "method": "GET",
[2025-07-02T17:45:15.516Z]   "userAgent": "Mozilla/5.0 (Windows NT 10.0; Win64; x64) AppleWebKit/537.36 (KHTML, like Gecko) Chrome/138.0.0.0 Safari/537.36",
[2025-07-02T17:45:15.516Z]   "uri": "/.well-known/appspecific/com.chrome.devtools.json"
[2025-07-02T17:45:15.516Z] }
[2025-07-02T17:45:15.517Z] Executed HTTP request: {
[2025-07-02T17:45:15.517Z]   "requestId": "154c7922-1f1b-4618-87ea-0065dcdeb4a5",
[2025-07-02T17:45:15.518Z]   "identities": "",
[2025-07-02T17:45:15.518Z]   "status": "404",
[2025-07-02T17:45:15.518Z]   "duration": "2"
[2025-07-02T17:45:15.519Z] }
[2025-07-02T17:45:15.583Z] Executing HTTP request: {
[2025-07-02T17:45:15.583Z]   "requestId": "134f2f1d-502a-4440-a53d-c3c2b4965ba8",
[2025-07-02T17:45:15.584Z]   "method": "GET",
[2025-07-02T17:45:15.584Z]   "userAgent": "Mozilla/5.0 (Windows NT 10.0; Win64; x64) AppleWebKit/537.36 (KHTML, like Gecko) Chrome/138.0.0.0 Safari/537.36",
[2025-07-02T17:45:15.585Z]   "uri": "/api/swagger.json"
[2025-07-02T17:45:15.585Z] }
[2025-07-02T17:45:15.586Z] Executing 'Functions.RenderOpenApiDocument' (Reason='This function was programmatically called via the host APIs.', Id=f10e5e3f-1d83-4a93-b0c2-aa2ea4df9b57)
[2025-07-02T17:45:15.589Z] [03:45:15 INF] core.jarvis.api.Functions.SwaggerFunctions OpenAPI document requested: json {"AzureFunctions_InvocationId": "f10e5e3f-1d83-4a93-b0c2-aa2ea4df9b57", "AzureFunctions_FunctionName": "RenderOpenApiDocument", "ThreadId": 10, "MachineName": "MAIN-HOME-PC", "EnvironmentName": "Test"}
[2025-07-02T17:45:15.590Z] Executed 'Functions.RenderOpenApiDocument' (Succeeded, Id=f10e5e3f-1d83-4a93-b0c2-aa2ea4df9b57, Duration=3ms)
[2025-07-02T17:45:15.590Z] Executed HTTP request: {
[2025-07-02T17:45:15.591Z]   "requestId": "134f2f1d-502a-4440-a53d-c3c2b4965ba8",
[2025-07-02T17:45:15.591Z]   "identities": "",
[2025-07-02T17:45:15.592Z]   "status": "200",
[2025-07-02T17:45:15.592Z]   "duration": "7"
[2025-07-02T17:45:15.592Z] }
[2025-07-02T17:45:48.841Z] [03:45:48 INF] Microsoft.Hosting.Lifetime Application is shutting down... {"ThreadId": 17, "MachineName": "MAIN-HOME-PC", "EnvironmentName": "Test"}
